participant,session,label,label_name,channel,mean_mean,mean_std,std_mean,std_std,range_mean,range_std,ssim_mean,ssim_n,experiment_count,region_count
0,0,0,Noise,0,0.346618935986205,0.03329983572503391,0.19566103326880302,0.006669293570632734,0.8987672203090763,0.04818956860626236,0.10530799782010965,233,5,298
0,0,0,Noise,1,0.4015749807966526,0.03102873122813844,0.19044848380319304,0.009203563036031323,0.891340965916568,0.0395847168654015,0.135878117758541,233,5,298
0,0,0,Noise,2,0.3693132606935254,0.040694111438319316,0.19925944966373446,0.010096919412711727,0.9254805917843738,0.048041279466783854,0.09828676910962303,233,5,298
0,0,0,Noise,all,0.3725023924921277,0.03341983926088562,0.19512298891191016,0.00468769338031205,0.9051962593366728,0.023977901624178715,,0,5,298
0,0,1,Up,0,0.3461437652806641,0.030221969991117557,0.19670974202790617,0.004545206960244277,0.9133166442663984,0.04142103254095281,0.12326702645490145,77,5,77
0,0,1,Up,1,0.40433803109166017,0.029776170352445182,0.18981953908375016,0.008327655937213815,0.9158135981665393,0.030764123551883373,0.13203927057060577,77,5,77
0,0,1,Up,2,0.37076778189700293,0.039749924386028396,0.2025646667124664,0.0070719261695914165,0.9388806693796663,0.04186674263164184,0.1087117317480051,77,5,77
0,0,1,Up,all,0.37374985942310907,0.03210354726653703,0.19636464927470756,0.0032850999708163406,0.9226703039375347,0.01855491221793005,,0,5,77
0,0,2,Down,0,0.3347664917422616,0.03269123781737352,0.19467306714882654,0.004225009272332394,0.931215121889849,0.03768797294456837,0.1345694656011565,76,5,77
0,0,2,Down,1,0.39701199895287254,0.026846282669444166,0.18814664104205284,0.004638141572042935,0.9175961293608352,0.02603990501727786,0.14842852722118102,76,5,77
0,0,2,Down,2,0.3652678594452054,0.040423805791385985,0.19904584299133624,0.008270865463786487,0.9272347667272335,0.04515639044725813,0.1230009483881053,76,5,77
0,0,2,Down,all,0.3656821167134465,0.03249401596368982,0.1939551837274052,0.0032800530146394665,0.925348672659306,0.021300294563062785,,0,5,77
0,0,3,Left,0,0.3480909974166501,0.034551308783045,0.19700807119565505,0.005577751635119324,0.957288379006996,0.03860967075323628,0.13440559923119805,77,5,77
0,0,3,Left,1,0.4010168042610867,0.03349731768398755,0.19416770817854767,0.0044777435094072275,0.9361853832442069,0.04285316134423151,0.16262251371524275,77,5,77
0,0,3,Left,2,0.36665896918624435,0.03806569473079415,0.19552493221970418,0.009538926750383274,0.9153459868155251,0.043270399230166574,0.11241103280718483,77,5,77
0,0,3,Left,all,0.3719222569546604,0.0340419107595998,0.19556690386463563,0.0035523188616745217,0.9362732496889092,0.019975836185818222,,0,5,77
0,0,4,Right,0,0.3442173881746515,0.030798362951259352,0.19313681281705153,0.005881768201952306,0.9008993258896987,0.041583671041158086,0.12172242306038733,81,5,82
0,0,4,Right,1,0.4000147739686439,0.03217803473369534,0.19528054655558166,0.004986768223572934,0.9323290291726447,0.04548656892362458,0.14978245516774663,81,5,82
0,0,4,Right,2,0.3709408085178374,0.04156948624563445,0.20061598380261245,0.008423608370171417,0.9571256173986705,0.038578310132598055,0.11682232428306932,81,5,82
0,0,4,Right,all,0.37172432355371093,0.03418522508147649,0.1963444477250819,0.0033279479599452686,0.930117990820338,0.019823608471302146,,0,5,82
0,1,0,Noise,0,0.33546412419881805,0.02315848516157011,0.1943516068796147,0.01036462222378921,0.8772611520797268,0.0542895095265465,0.09870317612728949,77,5,234
0,1,0,Noise,1,0.39178762161787273,0.02196336370264246,0.19128487247280193,0.01062269325657736,0.8965141612200436,0.043172899299716246,0.13398296102141669,77,5,234
0,1,0,Noise,2,0.34712492464622824,0.03188748883353211,0.1917886839441291,0.007498186244504302,0.927547159849001,0.04606102484397708,0.07884046454221036,77,5,234
0,1,0,Noise,all,0.35812555682097297,0.024199134392377437,0.1924750544321819,0.005560484392838954,0.9004408243829237,0.024895180583596403,,0,5,234
0,1,1,Up,0,0.3399522933401861,0.02018922306313151,0.19956070036407977,0.00780452414226931,0.9018674911534913,0.04285766005395301,0.11666106303096897,87,5,90
0,1,1,Up,1,0.3924013826273278,0.021512441422792784,0.19257247588516996,0.0066778572869711965,0.9240958605664489,0.030863411690383712,0.13841139052032297,87,5,90
0,1,1,Up,2,0.3453724164776129,0.02911578476825973,0.19025791632002387,0.005195075660008952,0.9351346443309213,0.0304103317008036,0.10814711688053409,87,5,90
0,1,1,Up,all,0.35924203081504225,0.02251176489629111,0.19413036418975788,0.004796717105502438,0.9203659986836203,0.020389630363136412,,0,5,90
0,1,2,Down,0,0.3289579441057215,0.019887976978434398,0.19461967511299383,0.007512234889692019,0.9266702186908147,0.04293833059658019,0.12873871723694622,80,5,82
0,1,2,Down,1,0.38858636798139135,0.020498745723337573,0.19001638242152813,0.006988550954579353,0.9251076040172167,0.030498660071935867,0.15797614350069183,80,5,82
0,1,2,Down,2,0.34771567257752356,0.02813717772647491,0.19287748191675957,0.006502616501073128,0.9512111067839553,0.0349494612185699,0.11588138936469457,80,5,82
0,1,2,Down,all,0.3550866615548788,0.021932676948038812,0.19250451315042716,0.004337846772704149,0.9343296431639955,0.016164070909044852,,0,5,82
0,1,3,Left,0,0.3394874026201304,0.019116205023331674,0.20084352371723185,0.005631946865185131,0.9487077343094648,0.03561069742521848,0.1369840921581093,87,5,89
0,1,3,Left,1,0.3916212686605572,0.01761843167564129,0.19506377077863307,0.006838326177801262,0.9396342806785636,0.031309082291355095,0.15652574010669343,87,5,89
0,1,3,Left,2,0.34260695731437524,0.031174100061380956,0.19091556941368357,0.0044559948079911154,0.9403200718395966,0.029272467874335146,0.1140925990798268,87,5,89
0,1,3,Left,all,0.3579052095316876,0.02148182216529394,0.19560762130318282,0.004000806741474585,0.9428873622758751,0.01906980942794686,,0,5,89
0,1,4,Right,0,0.3401479897324453,0.02110958051409827,0.19513694777803758,0.009552797227015818,0.899028646272883,0.045169395324030234,0.13204416616269127,82,5,82
0,1,4,Right,1,0.3874273614213391,0.021924429789797258,0.1922225568544147,0.005990942110604909,0.9441415590626495,0.03350057565483743,0.16355542875265827,82,5,82
0,1,4,Right,2,0.3502024351311577,0.03106833930836198,0.195725904621008,0.005768055504016498,0.9448903063017721,0.038793452945455754,0.11695765107025483,82,5,82
0,1,4,Right,all,0.35925926209498066,0.023860363764746383,0.19436180308448675,0.004291685219726665,0.9293535038791014,0.018818647367044188,,0,5,82
0,2,0,Noise,0,0.41953666613133805,0.01050791932251217,0.1866835860032966,0.007848335371423622,0.9261153526096059,0.043833947604664636,0.08636370012945305,34,5,176
0,2,0,Noise,1,0.4113334653204557,0.010692127880634733,0.1739863325638799,0.007590128431910385,0.9153743315508021,0.0360989910529404,0.11565580255025966,34,5,176
0,2,0,Noise,2,0.4355841416111479,0.015089775682368942,0.1919915279972143,0.007954755515021398,0.9110383590451289,0.0437053233475421,0.08754752073832545,34,5,176
0,2,0,Noise,all,0.42215142435431385,0.006443427588431864,0.18422048218813025,0.0046030613744920505,0.917509347735179,0.02595296359926822,,0,5,176
0,2,1,Up,0,0.4189119957692145,0.007222940554934178,0.18965668892719934,0.0061587104516119245,0.9461751731078641,0.0321045066032118,0.13998760424302156,92,5,94
0,2,1,Up,1,0.4196025040824154,0.006634702524306257,0.17555324430672284,0.004198387097234266,0.981476846057572,0.01562717366581163,0.11614292991711972,92,5,94
0,2,1,Up,2,0.43749071158092767,0.013821386313172304,0.19289260448937073,0.007040796289738269,0.9311862303229181,0.044096437938788965,0.1109478848551209,92,5,94
0,2,1,Up,all,0.42533507047751923,0.005753784649757435,0.18603417924109764,0.003847059830561261,0.9529460831627847,0.01907537765223313,,0,5,94
0,2,2,Down,0,0.41164096255451127,0.00947390687717906,0.1898111767213277,0.005013542445142198,0.9575825647209544,0.02290577801642527,0.11678247153660312,86,5,87
0,2,2,Down,1,0.4117553278738302,0.008132563796606944,0.1727538530960597,0.005409177759171739,0.9297723687176019,0.026092585250842553,0.13451968003415962,86,5,87
0,2,2,Down,2,0.43513715128450614,0.012711446874187874,0.1916418542487848,0.0062233394891249875,0.91865882373955,0.03460832154213511,0.12453781810004709,86,5,87
0,2,2,Down,all,0.41951114723761584,0.004686189903482246,0.18473562802205737,0.004213965675290431,0.9353379190593688,0.01841242678891657,,0,5,87
0,2,3,Left,0,0.42201411355110097,0.0077719487938442255,0.18794448994969856,0.006052488320821228,0.938771643262195,0.025510289328357104,0.12593249940468546,93,5,93
0,2,3,Left,1,0.41117646193257384,0.009880908228980552,0.17125167866986235,0.005797281466503986,0.9246468479865063,0.02679679312432154,0.14344703467054204,93,5,93
0,2,3,Left,2,0.43499106534099635,0.015109489384206505,0.1913136169188704,0.006315749503212987,0.9193882213268008,0.03845597405191933,0.11963542696173739,93,5,93
0,2,3,Left,all,0.4227272136082238,0.004669622715903579,0.1835032618461438,0.003946466945959323,0.9276022375251675,0.01821819793370857,,0,5,93
0,2,4,Right,0,0.4185700290781646,0.006125294541036074,0.1878371734702418,0.006898269860217509,0.964770837226031,0.027033716840160354,0.1470509508718526,97,5,97
0,2,4,Right,1,0.41398327992811007,0.010764656531059425,0.1757096546952686,0.005307940642169666,0.9346270466949667,0.026004869770664654,0.1369765353055529,97,5,97
0,2,4,Right,2,0.4395342853389235,0.015124559900392246,0.1917082836155473,0.007366889858119106,0.9248157216910388,0.04598863852619278,0.10874757978185683,97,5,97
0,2,4,Right,all,0.4240291981150661,0.005075497479220867,0.18508503726035258,0.004086724795368125,0.9414045352040121,0.02112186190859324,,0,5,97
0,3,0,Noise,0,0.4315730931165932,0.022328379810696703,0.17156696233894292,0.01343503423202336,0.8734922522780404,0.047576361093475926,0.0766339753313272,85,5,251
0,3,0,Noise,1,0.4184094921960258,0.018239144160115687,0.1678342338858831,0.008106300822933822,0.9096789313334895,0.04718267689844494,0.09451741078341487,85,5,251
0,3,0,Noise,2,0.42974043094952297,0.012399677128883225,0.18797217725951038,0.0072920009215112986,0.9178829686937475,0.0397726388607574,0.09798523848297008,85,5,251
0,3,0,Noise,all,0.4265743387540473,0.009813891688344935,0.1757911244947788,0.005942673832767826,0.9003513841017592,0.022491681272209334,,0,5,251
0,3,1,Up,0,0.4390873543303367,0.02057047986114169,0.1742017714674838,0.012703153648000336,0.9080269183429345,0.04588314513520194,0.11479668814128943,95,5,95
0,3,1,Up,1,0.42555682332188216,0.01613383755989894,0.17364852805414963,0.0047520801898437584,0.9595459236326109,0.02640143415311434,0.09817231926531896,95,5,95
0,3,1,Up,2,0.4351130385059287,0.008976144281057353,0.18685211993932968,0.005696054343429622,0.9451260942272084,0.033371618495681106,0.11134669159994055,95,5,95
0,3,1,Up,all,0.4332524053860492,0.010759257011337451,0.17823413982032105,0.004835566174573963,0.9375663120675847,0.019285239444625346,,0,5,95
0,3,2,Down,0,0.435588538151838,0.024206823124090417,0.17997471078440377,0.010689442370856731,0.9152137154097464,0.04512212936326913,0.11267400585112494,92,5,92
0,3,2,Down,1,0.42485867822983814,0.017828476865246183,0.16872314300972863,0.005928636493912328,0.9343137254901961,0.04343446223207881,0.12757034996365227,92,5,92
0,3,2,Down,2,0.43146688153043555,0.011279448521460261,0.1877425302271841,0.005520928547414467,0.9287559140697781,0.03365902405305261,0.11425617089582714,92,5,92
0,3,2,Down,all,0.4306380326373706,0.012259278322900172,0.17881346134043882,0.0043471651497082155,0.9260944516565736,0.018785415958448085,,0,5,92
0,3,3,Left,0,0.44082811212326356,0.0227449605895807,0.17629595901868675,0.010033498559976017,0.9334214683443459,0.043682966852387504,0.10930524929648062,96,5,101
0,3,3,Left,1,0.42512034278285527,0.01585979884811822,0.16543948271758574,0.005891920921241621,0.9226169675791109,0.03451823020616209,0.1091991275592048,96,5,101
0,3,3,Left,2,0.4308553408697252,0.010605781026901705,0.18794001908308053,0.005238537425218074,0.9335232523969224,0.03630206468045212,0.11571083883392826,96,5,101
0,3,3,Left,all,0.43226793192528135,0.011545661237781413,0.17655848693978432,0.004802964924412293,0.929853896106793,0.02153539322651037,,0,5,101
0,3,4,Right,0,0.4356948689295049,0.019205207770913574,0.17155774631274714,0.011863206433853883,0.8981583448164957,0.0457303952795976,0.12126489348964467,94,5,97
0,3,4,Right,1,0.41955797690800084,0.01790945918498601,0.1709877693961848,0.006774684027569084,0.9412573276733374,0.035704671788777356,0.12505588854168143,94,5,97
0,3,4,Right,2,0.4349331220921418,0.011399400164826188,0.18885880601604857,0.0061868285759158655,0.9416519442421722,0.03169698985487492,0.12514669819062024,94,5,97
0,3,4,Right,all,0.4300619893098825,0.01079728179339823,0.17713477390832683,0.005292275380849016,0.9270225389106683,0.017338451924612586,,0,5,97
0,4,0,Noise,0,0.4007796664647727,0.016267231346987855,0.1632664215057528,0.008194777053148035,0.9217668537510796,0.05039189629973196,0.09196500360857213,30,5,146
0,4,0,Noise,1,0.4262367508822365,0.017558364003701424,0.16984882865169867,0.008336132738939206,0.8843137254901959,0.04819289351639963,0.09809484344912464,30,5,146
0,4,0,Noise,2,0.4081367259888508,0.014716013669334824,0.183985943427562,0.007813795151843871,0.8975055316767739,0.0559288580366525,0.09608148836529035,30,5,146
0,4,0,Noise,all,0.4117177144452867,0.012565588837555049,0.17236706452833783,0.0047678376748907,0.9011953703060166,0.030572433510833993,,0,5,146
0,4,1,Up,0,0.40451089882149593,0.015253096309948767,0.16577067704274945,0.007386183196645565,0.9259946008782413,0.048986906872311095,0.12824209786961266,99,5,102
0,4,1,Up,1,0.4328513598477724,0.017031097508091255,0.17804823840944523,0.004915653642385024,0.9629373317954633,0.028910515251761623,0.10406787655724595,99,5,102
0,4,1,Up,2,0.4090449775226188,0.012137788598221838,0.18282568494640541,0.0065507211276513875,0.9280142246926292,0.040446389387133214,0.10568459340498415,99,5,102
0,4,1,Up,all,0.41546907873062905,0.013039447990402657,0.1755482001328667,0.0026604531193025814,0.9389820524554446,0.019414518626440044,,0,5,102
0,4,2,Down,0,0.4013697920724475,0.013987666761164485,0.16321686940694627,0.0044733535788445975,0.9582249964084615,0.02766183967179654,0.1118760777290533,92,5,92
0,4,2,Down,1,0.4342227230929746,0.016184697410261004,0.16897219361452204,0.006256194385674851,0.9053282182438194,0.04008340385083525,0.10806644348315002,92,5,92
0,4,2,Down,2,0.40784597064103006,0.010817800944883745,0.18394591822157907,0.006271864847389232,0.9159370944018426,0.0490512631488266,0.13992027726860143,92,5,92
0,4,2,Down,all,0.4144794952688174,0.011122953199099095,0.17204499374768248,0.003882916351042727,0.9264967696847077,0.025050943958539355,,0,5,92
0,4,3,Left,0,0.40987416131016047,0.015459202812799298,0.15979021699864063,0.005334102488286877,0.931547943412643,0.04346589259949184,0.12572804163168952,93,5,95
0,4,3,Left,1,0.4321526681802153,0.015426311610988348,0.17030642268306603,0.005439538423636551,0.9059236326109391,0.03277774353565462,0.11959781212072224,93,5,95
0,4,3,Left,2,0.40381791088649654,0.011922057356861436,0.18606447353204375,0.005982906598304638,0.9316340320337254,0.04479418819864825,0.13868039664359064,93,5,95
0,4,3,Left,all,0.4152815801256241,0.012520939100144159,0.17205370440458345,0.0029914774588162725,0.9230352026857693,0.0227598230459658,,0,5,95
0,4,4,Right,0,0.40719967873504875,0.015076329245638297,0.16272448363987463,0.006486191064353354,0.9399043298080397,0.036807413185471934,0.13889572145236628,103,5,107
0,4,4,Right,1,0.4225026340060393,0.016032222832529114,0.1766799756270677,0.006787042190044306,0.9212387758841855,0.04058333436117439,0.12025224020163106,103,5,107
0,4,4,Right,2,0.4085794178624866,0.012053087251647773,0.18644138398245774,0.006609599745760843,0.9182906603869734,0.052539762131968724,0.12891314725897918,103,5,107
0,4,4,Right,all,0.4127605768678582,0.011791710907104071,0.17528194774980002,0.003974346669665253,0.9264779220263996,0.028016907073753414,,0,5,107
0,5,0,Noise,0,0.4118521755760775,0.01611803683042951,0.17166187426618806,0.01083049137664599,0.90611257086318,0.04439039294205736,0.07807297283913855,32,5,114
0,5,0,Noise,1,0.43103413791819206,0.016343018360291617,0.17116761034244793,0.008681739689569878,0.9006535947712418,0.051796525764706426,0.0944348573096293,32,5,114
0,5,0,Noise,2,0.4079081072674384,0.010054186431200065,0.1816626559925319,0.009740248585738638,0.9048917925558486,0.06346241211970585,0.08776911744827093,32,5,114
0,5,0,Noise,all,0.416931473587236,0.010113763446333413,0.17483071353372262,0.006260583824608754,0.9038859860634235,0.03048589203033261,,0,5,114
0,5,1,Up,0,0.41722568927727066,0.014064106264688288,0.17435315986868127,0.008272727998357718,0.9276835197103447,0.028551588565932966,0.11614573337527319,98,5,104
0,5,1,Up,1,0.441680394418122,0.012839556118105389,0.1752319706065708,0.005931436808382446,0.9538838612368024,0.03393537105398748,0.10627466818052868,98,5,104
0,5,1,Up,2,0.4088861154646119,0.009599362986240135,0.18094079215622993,0.006134638170342881,0.9360280148300366,0.03815948758607263,0.09868157344130175,98,5,104
0,5,1,Up,all,0.42259739972000154,0.00801344850111219,0.17684197421049402,0.004500576781719643,0.9391984652590613,0.018581231979746538,,0,5,104
0,5,2,Down,0,0.4090562453658925,0.014536180357039184,0.17495810223935127,0.008281487219162883,0.9414799358314345,0.034224381487503557,0.11210362320006553,92,5,94
0,5,2,Down,1,0.43233448300826954,0.015952949065552318,0.16864346766595323,0.005056748734929742,0.9263245723821444,0.044127826371938614,0.10758101823894488,92,5,94
0,5,2,Down,2,0.40881949984793126,0.009146244812277424,0.18174397740158946,0.008055927519295373,0.9264317255329622,0.04209435536649853,0.11922531894654749,92,5,94
0,5,2,Down,all,0.4167367427406978,0.00971689883863953,0.17511518243563134,0.004419387214686285,0.9314120779155137,0.02284637201630522,,0,5,94
0,5,3,Left,0,0.4149252535083099,0.016875391957761544,0.17298581104964977,0.008540885480775607,0.9259578001013623,0.03714899558111981,0.11300014296206612,96,5,102
0,5,3,Left,1,0.43263844125559614,0.013668786204774547,0.16899568078130553,0.005891432695142968,0.9230296039984622,0.0453179635657302,0.11479745184643785,96,5,102
0,5,3,Left,2,0.40797793211369043,0.007641711086346466,0.1820289517402521,0.006609266121189132,0.9379083980350057,0.03944401241556983,0.12336058093814578,96,5,102
0,5,3,Left,all,0.41851387562586545,0.009574892963142423,0.17467014785706914,0.004959187696296,0.9289652673782768,0.02490213842603246,,0,5,102
0,5,4,Right,0,0.4121906412646304,0.015598825071730703,0.1712030902213947,0.010570935818675383,0.9171457047542978,0.03236036456641672,0.1323435625850866,92,5,97
0,5,4,Right,1,0.4312090654367797,0.01587640670003878,0.17214416301577024,0.00598328481603309,0.9108550636749546,0.044050477057585545,0.11400548357866704,92,5,97
0,5,4,Right,2,0.4070881624987418,0.008821171786820193,0.1791907874201002,0.009099629833121504,0.9101863829902439,0.04839798011783636,0.11368225839038205,92,5,97
0,5,4,Right,all,0.416829289733384,0.010327005013589362,0.17417934688575504,0.005914495613235783,0.9127290504731654,0.023388124653075482,,0,5,97
1,0,0,Noise,0,0.34998108080683615,0.011789552655053668,0.23403763493247215,0.008468058074225415,0.9085354027283519,0.03250355684787866,0.10811520521041834,142,5,313
1,0,0,Noise,1,0.3741258698473702,0.01046693168805509,0.17969839042226143,0.007622226300434655,0.885502512096098,0.04697981554510847,0.09598102333259322,142,5,313
1,0,0,Noise,2,0.3361554941300166,0.019652432340801416,0.2058256578339026,0.008636854044796425,0.8915116206226901,0.04944300625475698,0.1298067700227624,142,5,313
1,0,0,Noise,all,0.3534208149280743,0.008830375597124534,0.20652056106287875,0.0046334842529655845,0.8951831784823798,0.026108231834027308,,0,5,313
1,0,1,Up,0,0.35087378668542984,0.00971296502808975,0.23470550013171404,0.007241593539435649,0.9464856021941769,0.027775868687388867,0.113751202270335,98,5,99
1,0,1,Up,1,0.3723653927239495,0.006693164831781705,0.17868135083070694,0.0051787697685809495,0.9207546139853461,0.037805213534284995,0.08590912711998533,98,5,99
1,0,1,Up,2,0.3368111387434557,0.02164538263808439,0.20471682610499925,0.006223322906697992,0.9481481481481481,0.039500985238822034,0.13455316083518143,98,5,99
1,0,1,Up,all,0.353350106050945,0.00886072550316182,0.2060345590224734,0.0032153759736019017,0.9384627881092238,0.021583194239906116,,0,5,99
1,0,2,Down,0,0.3479897943036581,0.00951213603508233,0.23158587363403046,0.005792422466077486,0.9419607043710758,0.03279075672032709,0.11084049410974604,88,5,88
1,0,2,Down,1,0.36704720895885595,0.0069765190816192405,0.17615096920927995,0.005687407316485071,0.9184838618622918,0.0376129353365661,0.1055649371704994,88,5,88
1,0,2,Down,2,0.3401332193168567,0.018424850757780054,0.20659741774575602,0.0074498505580939236,0.914572192513369,0.04628791157409377,0.12110087203331665,88,5,88
1,0,2,Down,all,0.3517234075264569,0.007712326808927503,0.20477808686302215,0.0036184965743968588,0.925005586248912,0.02607534527967903,,0,5,88
1,0,3,Left,0,0.35107045256414887,0.01010657232870009,0.23635378231321066,0.00801491502665978,0.937157597152002,0.03204838764789393,0.11058506168364067,102,5,103
1,0,3,Left,1,0.37302887557322145,0.0077047633790131315,0.17826307150120613,0.005820936828190479,0.9192806721173513,0.04179907808262696,0.10349833546158126,102,5,103
1,0,3,Left,2,0.33731444707946995,0.01667971751514036,0.20640727009453513,0.0077773108037533945,0.9272035027603274,0.0499637486179153,0.1294456192265841,102,5,103
1,0,3,Left,all,0.3538045917389468,0.006995007946190635,0.20700804130298397,0.0046748776449668525,0.9278805906765603,0.019960808065820568,,0,5,103
1,0,4,Right,0,0.3502359136886603,0.01014810263556033,0.23401087426493253,0.009645713068075336,0.9333740720511954,0.026699441688097646,0.12168402471189112,88,5,89
1,0,4,Right,1,0.3752335686018424,0.007758130011223512,0.18037561416329806,0.005936510223586039,0.9068691294813724,0.03879737261049525,0.10634665080715172,88,5,89
1,0,4,Right,2,0.3299216045180534,0.020331326843795,0.20442215814902798,0.007678073862178405,0.8988323419255343,0.04626551989505426,0.1387911854934559,88,5,89
1,0,4,Right,all,0.35179702893618536,0.007821213330810777,0.20626954885908622,0.004943469463829907,0.9130251811527007,0.021742602894857025,,0,5,89
1,1,0,Noise,0,0.3356090488639012,0.009723523867136716,0.2369491781967669,0.008346861455335667,0.9138382844899572,0.03180703316490427,0.12398551497315656,138,5,289
1,1,0,Noise,1,0.3654627761781892,0.01601994674458079,0.17889734854698353,0.011062673468746455,0.8553810926352284,0.04854516126685957,0.09966321888007308,138,5,289
1,1,0,Noise,2,0.32923563340354584,0.01880198509511734,0.19734780510699662,0.008275561899213623,0.8730307347852636,0.04936473779350306,0.10788399811191758,138,5,289
1,1,0,Noise,all,0.34343581948187873,0.011098141550103892,0.20439811061691568,0.005575537948818452,0.880750037303483,0.02602729198645106,,0,5,289
1,1,1,Up,0,0.3368881341211578,0.008566489955650758,0.23687233551226816,0.005410839583005566,0.9444093310261603,0.02812521151791802,0.11687266761772865,90,5,91
1,1,1,Up,1,0.36427711133318563,0.012960838048308134,0.178331104418403,0.0081017787681306,0.9084672557913513,0.03737488938192649,0.09034070136732088,90,5,91
1,1,1,Up,2,0.32871742027497,0.014995334447436368,0.1997942266881079,0.008238374522324413,0.9479422538246068,0.03291972501071295,0.11561449054791301,90,5,91
1,1,1,Up,all,0.34329422190977116,0.009338570468565548,0.20499922220625968,0.004293709542528526,0.9336062802140395,0.018211352536652577,,0,5,91
1,1,2,Down,0,0.33580669224319454,0.010389493308515841,0.2365557783368278,0.004570553299746458,0.9546151451564605,0.028166191300609284,0.12783426365566256,91,5,94
1,1,2,Down,1,0.3627383157410291,0.012854883408090982,0.17658219516623389,0.008520476658863218,0.8889482879397073,0.0512690173326022,0.10007434595328818,91,5,94
1,1,2,Down,2,0.3330405545991134,0.01927406084225129,0.19850134423293697,0.005316720469412738,0.9058823529411765,0.0474507538725006,0.13088248925627238,91,5,94
1,1,2,Down,all,0.34386185419444565,0.011775997372756988,0.2038797725786662,0.002968607469771176,0.9164819286791148,0.03158835472482017,,0,5,94
1,1,3,Left,0,0.33670961552591705,0.009134805623474322,0.23503611222489706,0.006043505669796136,0.9297418659475436,0.033577205774184216,0.11247555729217595,93,5,95
1,1,3,Left,1,0.36388360042479967,0.014201390282837616,0.17764189131189095,0.010244193229222945,0.9167654542500616,0.05077180734681295,0.1137654585156364,93,5,95
1,1,3,Left,2,0.33123009243380647,0.01756323571646228,0.19591469124084623,0.006254225279932204,0.8959752321981423,0.036639816713876276,0.12022081809759518,93,5,95
1,1,3,Left,all,0.343941102794841,0.010422307703851025,0.20286423159254477,0.004273550248583357,0.9141608507985826,0.024010470747220524,,0,5,95
1,1,4,Right,0,0.3375336714952748,0.008511439723016143,0.23439468648295314,0.007095245005694339,0.9257831117609964,0.0288759943057529,0.12112422100796291,90,5,91
1,1,4,Right,1,0.3657111950643386,0.01464655360677541,0.17759974692084107,0.010340485312692762,0.894360311317211,0.03963156734183543,0.11376788994966795,90,5,91
1,1,4,Right,2,0.33428620733824205,0.014380477459569874,0.19931209698433924,0.008596753660519655,0.8996767937944409,0.0422611202439332,0.11059772325943916,90,5,91
1,1,4,Right,all,0.34584369129928516,0.008745331944675172,0.20376884346271112,0.00517503695694332,0.9066067389575494,0.020606874333875536,,0,5,91
1,2,0,Noise,0,0.3325513073495083,0.008084349535568193,0.22889608693148908,0.006581129387352329,0.9212110392046924,0.05935821734722178,0.13182608213877406,278,5,323
1,2,0,Noise,1,0.36161374587195627,0.011966681585596318,0.19139818163505956,0.008923191434833659,0.8867180339196371,0.042990670895952224,0.12385972227281476,278,5,323
1,2,0,Noise,2,0.309253044183128,0.017196191239140565,0.2084142510000825,0.012481629157706857,0.9037297774872635,0.052376690771341654,0.15454934128032544,278,5,323
1,2,0,Noise,all,0.3344726991348642,0.008178689461075327,0.20956950652221037,0.006153201087555211,0.9038862835371977,0.030199631263016988,,0,5,323
1,2,1,Up,0,0.3306277072333028,0.007053189155251825,0.22824113536848853,0.004535037595793421,0.9412641311992863,0.04729234557459562,0.11950879046130529,87,5,90
1,2,1,Up,1,0.3645143294052205,0.010269688006176825,0.19266988370334193,0.00802840026662096,0.9226976960536754,0.0409364786392864,0.11262533918201799,87,5,90
1,2,1,Up,2,0.3097541953438786,0.019091230417950727,0.2086469598964592,0.011381471164368847,0.9380440090550419,0.043264378967105055,0.1535037617630005,87,5,90
1,2,1,Up,all,0.3349654106608006,0.008450325394468022,0.20985265965609656,0.006003603548531483,0.9340019454360011,0.02670977926199591,,0,5,90
1,2,2,Down,0,0.3320070014229344,0.006368088296108775,0.23108966723618402,0.00426509098470166,0.9596558631528526,0.02962348408634541,0.12467009276228472,77,5,78
1,2,2,Down,1,0.3563862853415644,0.008460454551842887,0.19142282972947927,0.006224432465550963,0.9226164447772427,0.037417911863902205,0.11626037341194706,77,5,78
1,2,2,Down,2,0.3100394617473138,0.014944591567726267,0.2077163214177936,0.01079267451315069,0.922580060999365,0.04710136733941635,0.14025503964322533,77,5,78
1,2,2,Down,all,0.3328109161706042,0.005660312803062969,0.21007627279448562,0.0038678477243664503,0.9349507896431535,0.0238492787064601,,0,5,78
1,2,3,Left,0,0.33562465352879595,0.005512064700329499,0.23010589934057507,0.003992518513536845,0.9784913706337712,0.016741971965913857,0.1303051021075261,79,5,79
1,2,3,Left,1,0.3622635973311901,0.010173001383973486,0.19336117540032305,0.006647407909085506,0.9115185131016004,0.034086775953279816,0.12365634464389387,79,5,79
1,2,3,Left,2,0.308484386171532,0.011788590695095658,0.2062419653777735,0.010806899161830141,0.9214208290572016,0.050551283579462286,0.1529689133399713,79,5,79
1,2,3,Left,all,0.3354575456771727,0.0059173120429041005,0.20990301337289052,0.004108670509179843,0.9371435709308578,0.020430555501984738,,0,5,79
1,2,4,Right,0,0.33377099242656105,0.006520550829978838,0.23000434723012836,0.006259786356205313,0.9590858128028114,0.03094971413115682,0.13997121614045852,84,5,84
1,2,4,Right,1,0.35965573612836604,0.01153635525033739,0.189975690440447,0.0062855696442904625,0.8926316262518084,0.03119088207956364,0.11822025832258994,84,5,84
1,2,4,Right,2,0.3080627891204982,0.016659783591566075,0.20890463538780912,0.011558047750514977,0.9129082155270704,0.04487932839298814,0.16505578074870236,84,5,84
1,2,4,Right,all,0.33382983922514176,0.008137814421133182,0.20962822435279482,0.005531278565939793,0.9215418848605633,0.024415992122427652,,0,5,84
1,3,0,Noise,0,0.35343387565851037,0.01701972856565732,0.2315167383003578,0.007064924755180117,0.9054025413095445,0.03888548583435143,0.13789893763562663,234,5,323
1,3,0,Noise,1,0.37981061457309145,0.016050292853854824,0.1844260883933793,0.009559509230306235,0.9029669876175114,0.05080152018623231,0.11056835316741777,234,5,323
1,3,0,Noise,2,0.34750912277460705,0.012602460791663,0.20491491899134867,0.012284899493008978,0.9002223416763737,0.05672145558116703,0.13871491026800564,234,5,323
1,3,0,Noise,all,0.360251204335403,0.010500403640978118,0.20695258189502858,0.00585775318707162,0.9028639568678098,0.02561259503498333,,0,5,323
1,3,1,Up,0,0.34998219030128846,0.015210370628355346,0.23208871969018957,0.006109877722434205,0.9282563056899835,0.03925650015196271,0.1260331684537849,86,5,87
1,3,1,Up,1,0.3757891792719488,0.013596250776510124,0.182347883752715,0.008590212065144296,0.91972820036503,0.046022746028480215,0.0982636206426599,86,5,87
1,3,1,Up,2,0.35095721283271,0.011090667644196032,0.20500850512524899,0.011011279764651195,0.9246334517804919,0.04151638347640476,0.13100333373530196,86,5,87
1,3,1,Up,all,0.35890952746864907,0.009362617568870173,0.2064817028560512,0.005091347580524229,0.9242059859451685,0.025221673013272553,,0,5,87
1,3,2,Down,0,0.3526540753662282,0.01611325632616959,0.23248121457616933,0.006512168861707297,0.9383795192745814,0.034137185195633364,0.12861622842347512,82,5,82
1,3,2,Down,1,0.3771042635026897,0.012461672622167134,0.18485111948287608,0.007132586333606004,0.9348430901955841,0.03828693048046637,0.113766005500572,82,5,82
1,3,2,Down,2,0.34808534630299,0.010360114265405807,0.2039870029046468,0.011697244709012714,0.9211341426030666,0.05071531569907335,0.13892517418760836,82,5,82
1,3,2,Down,all,0.359281228390636,0.009163381264410523,0.20710644565456404,0.004434949099435596,0.9314522506910774,0.02091047238436311,,0,5,82
1,3,3,Left,0,0.356075789554546,0.01740239299990258,0.2306417875790712,0.00614084460956568,0.9327244245114985,0.030303558116010224,0.12741598348435274,81,5,82
1,3,3,Left,1,0.3804645716953273,0.015001316425156154,0.185992972526015,0.006496685443309668,0.9278373973505354,0.03099844564489028,0.11385824755857472,81,5,82
1,3,3,Left,2,0.3464358969836135,0.00989678800664554,0.2022853043695506,0.011804573828886483,0.9162952908889577,0.04474055547540111,0.1332995478136894,81,5,82
1,3,3,Left,all,0.36099208607782896,0.010362088786170011,0.20630668815821226,0.00474172590735912,0.9256190375836639,0.017449451715048858,,0,5,82
1,3,4,Right,0,0.3537718830988784,0.01624887213723246,0.23085846313083774,0.005687963641894035,0.9183908996669533,0.03222672011823724,0.1259740848158341,84,5,84
1,3,4,Right,1,0.37924093686862176,0.014203373526609553,0.18581693547880548,0.007053718559634016,0.9234396190084373,0.04364108872408628,0.11821779688829619,84,5,84
1,3,4,Right,2,0.34709789725751256,0.010369359203157567,0.20565089146919002,0.011509459805402805,0.9219377511684308,0.0527521322639857,0.1545036385474626,84,5,84
1,3,4,Right,all,0.3600369057416709,0.009857139489821682,0.20744209669294442,0.004423382819979742,0.9212560899479405,0.02083418285624422,,0,5,84
1,4,0,Noise,0,0.37203834050642515,0.009646844896513742,0.23785167612730143,0.009631664050501618,0.8929427225353155,0.04781816970871518,0.14316401469278214,199,5,312
1,4,0,Noise,1,0.3914625979855045,0.009411828360509116,0.16872649076833932,0.007560847115693943,0.9000260593677578,0.053959504234294346,0.12576566059793529,199,5,312
1,4,0,Noise,2,0.3311052351107093,0.016654256769311985,0.19064407205529887,0.00698232941144644,0.9217571644042232,0.06009729023740793,0.14818489987183983,199,5,312
1,4,0,Noise,all,0.36486872453421293,0.008914812370072689,0.1990740796503132,0.005363433394559332,0.9049086487690988,0.032463635096106794,,0,5,312
1,4,1,Up,0,0.3726785008328062,0.008763954007545892,0.24122192472413512,0.007933203357317809,0.95584383801977,0.030041213834427573,0.1264837551558889,87,5,88
1,4,1,Up,1,0.38952759161008665,0.007010938983935926,0.16896295400445327,0.00649249817533021,0.9291139596387111,0.0369686779127207,0.10789632411343054,87,5,88
1,4,1,Up,2,0.32912457225858127,0.011907169907909918,0.18979738434652182,0.005102421292501999,0.9626114081996434,0.03444473583607324,0.15940802626296752,87,5,88
1,4,1,Up,all,0.36377688823382476,0.007383363921528327,0.19999408769170343,0.004531267168580792,0.9491897352860416,0.02081364982047613,,0,5,88
1,4,2,Down,0,0.3754184095123728,0.008027714744634864,0.24396527686013753,0.006256275547294722,0.9712828052578854,0.019661484387269505,0.15116050267274164,80,5,80
1,4,2,Down,1,0.38823457644428044,0.007972820071293163,0.1683330342905385,0.005973218115706305,0.9191601667733806,0.04193735177556319,0.11386031929965601,80,5,80
1,4,2,Down,2,0.33465524959205906,0.017183536235845665,0.19124507916278344,0.005122856305830647,0.9607843137254901,0.021883351058243287,0.15353400830135971,80,5,80
1,4,2,Down,all,0.3661027451829041,0.009549866916666006,0.2011811301044865,0.0034439593859806068,0.9504090952522521,0.016794053921019157,,0,5,80
1,4,3,Left,0,0.3722438856631037,0.008022121192538664,0.2367506026107429,0.007225477969103122,0.8955086905925758,0.026003267283393944,0.1302122911849805,87,5,89
1,4,3,Left,1,0.39062454602116425,0.006699961160754086,0.1671276952535896,0.005431985651720246,0.9482635683002444,0.03493474526580901,0.11118096535418868,87,5,89
1,4,3,Left,2,0.3349306967456419,0.014576053337138314,0.19202835133433874,0.004752401043862047,0.9467283542630535,0.034814572389349555,0.15061479314379364,87,5,89
1,4,3,Left,all,0.36593304280996997,0.008083980256502277,0.19863554973289038,0.003985348561587227,0.9301668710519579,0.016693509771763423,,0,5,89
1,4,4,Right,0,0.3705697634691316,0.007936043482478219,0.23851732660513333,0.007990018621334678,0.8989494414548572,0.03819156344451224,0.14010630752420392,84,5,85
1,4,4,Right,1,0.3931297365928517,0.008054699537941367,0.16945480705005062,0.008447759615776687,0.9123293775970153,0.04202543234598128,0.13505793325267773,84,5,85
1,4,4,Right,2,0.3239185535763335,0.011582481710624173,0.18717705215613148,0.006847736650452664,0.8841983852364476,0.060194385068789845,0.16264513279695544,84,5,85
1,4,4,Right,all,0.36253935121277225,0.007202984966597443,0.19838306193710514,0.005323056448787982,0.89849240142944,0.0257767143687527,,0,5,85
1,5,0,Noise,0,0.3617815434855204,0.011565003385213787,0.25099211727080356,0.005650959454656574,0.9053829935260103,0.03684606506319055,0.13224546569115822,166,5,312
1,5,0,Noise,1,0.38038180518378084,0.009642356358720069,0.1720847012652831,0.007127956043450305,0.9246199221793046,0.03751242240112659,0.08354746542441054,166,5,312
1,5,0,Noise,2,0.3192547564206804,0.012877741577666225,0.19873640022631728,0.006812541105463922,0.9641402714932127,0.028321214443485055,0.16478356609682687,166,5,312
1,5,0,Noise,all,0.35380603502999386,0.008107551391944074,0.20727107292080132,0.0037684874211273457,0.931381062399509,0.02078271128908441,,0,5,312
1,5,1,Up,0,0.36270380921769435,0.010131896177631609,0.2526186815176156,0.0038623643866549733,0.9481204642476265,0.031696859735956096,0.1353684659408835,91,5,92
1,5,1,Up,1,0.3782127218944627,0.007185950951895852,0.1749256835377893,0.00493453033131775,0.9529685979507655,0.02845547369383388,0.0788370763334837,91,5,92
1,5,1,Up,2,0.3194317566789217,0.008752776464874986,0.19663650089335483,0.004072417431484419,0.9847826086956522,0.01266860697345838,0.15317461832302823,91,5,92
1,5,1,Up,all,0.35344942926369294,0.0067544962170909125,0.20806028864958656,0.002469399323578866,0.9619572236313481,0.015208034102916728,,0,5,92
1,5,2,Down,0,0.35826968219285515,0.010043823963312513,0.25160985597329905,0.004650516389039239,0.9206449907142041,0.02240578998215982,0.1395698175372368,82,5,82
1,5,2,Down,1,0.3794068908182232,0.004883997257056686,0.17222038342518356,0.003956961493668534,0.9491387518727218,0.024868359781248284,0.10484716916210984,82,5,82
1,5,2,Down,2,0.3243655763214046,0.011417335489707796,0.20045004091177232,0.005097412044066934,0.9704925872788139,0.02295122427574639,0.15143736084373277,82,5,82
1,5,2,Down,all,0.35401404977749434,0.006322541595965851,0.20809342677008497,0.0022018829925897023,0.9467587766219132,0.010186317633090329,,0,5,82
1,5,3,Left,0,0.3614669383871558,0.01062563297179065,0.2508583156854917,0.003987509521484446,0.9390352637195853,0.028886540227910033,0.1498745236662321,85,5,85
1,5,3,Left,1,0.379431653071445,0.007315687819525216,0.1729587738874331,0.005984427536554185,0.9534476116603342,0.027527517519575846,0.08900604080545195,85,5,85
1,5,3,Left,2,0.31712394054070475,0.008760073462511215,0.200404318322759,0.0042813240763957304,0.9767012687427912,0.016173037478285933,0.16825820538027347,85,5,85
1,5,3,Left,all,0.35267417733310186,0.006720270728414516,0.2080738026318946,0.0027918722543841027,0.9563947147075702,0.014736370434530443,,0,5,85
1,5,4,Right,0,0.3568094605452914,0.00966369410348883,0.24866259114486602,0.004362624207214546,0.913147663828097,0.03256964436852952,0.1459587120722605,85,5,85
1,5,4,Right,1,0.3777235261914084,0.008321387307994789,0.17027080446655357,0.005975818178894493,0.9407535433938832,0.026175996449732532,0.08943290036960913,85,5,85
1,5,4,Right,2,0.3147401741825133,0.009078539530211331,0.19559723926450617,0.005489939467677266,0.9597231833910035,0.029609594467741078,0.1730022192439918,85,5,85
1,5,4,Right,all,0.3497577203064044,0.006454826539981135,0.20484354495864193,0.003182323579868257,0.9378747968709945,0.014274377106885658,,0,5,85
2,0,0,Noise,0,0.3508238523208263,0.01800360464565281,0.20010903342475098,0.012007979064289064,0.8741765060651504,0.04855398167970765,0.09655135259633589,294,5,307
2,0,0,Noise,1,0.3907979807849409,0.025388413270196326,0.1586584199579672,0.009112974721080708,0.8871175831896275,0.04224242340403216,0.03752308855516998,294,5,307
2,0,0,Noise,2,0.3135085244051036,0.034120973463551835,0.20743771525863922,0.007748181504255415,0.9088721923844796,0.051796029491557906,0.10215133137216265,294,5,307
2,0,0,Noise,all,0.3517101191702902,0.024130885733757136,0.1887350562137858,0.005278958408107367,0.8900554272130858,0.030748472280397635,,0,5,307
2,0,1,Up,0,0.3471243044304555,0.017606936937420607,0.19738886127672023,0.01019332738807359,0.89506790995445,0.04128369403732392,0.07255642366145468,84,5,84
2,0,1,Up,1,0.3912287919016732,0.024444110623925708,0.1578679272014631,0.0053706436707974805,0.9451914098972922,0.02864971475185005,0.035072344516154166,84,5,84
2,0,1,Up,2,0.3123542890246342,0.03253497235039618,0.20776193326006404,0.00714883311878546,0.9302597066046816,0.04925174192796689,0.10745106705485885,84,5,84
2,0,1,Up,all,0.350235795118921,0.0235798575149512,0.18767290724608246,0.004434436727768417,0.9235063421521413,0.020644586626299876,,0,5,84
2,0,2,Down,0,0.34968921643164785,0.016044812503951043,0.202658936756822,0.011073192912292149,0.8993379969284623,0.048289784427850736,0.07359898942099184,90,5,90
2,0,2,Down,1,0.385180571019883,0.02588112120237522,0.16026903228573613,0.009151007550870283,0.9075816993464053,0.04086866562967857,0.05170373022343512,90,5,90
2,0,2,Down,2,0.30713674281757397,0.031461163605039845,0.2057524771965955,0.006520913328950593,0.9348231713972254,0.051712316473584735,0.10275890352232893,90,5,90
2,0,2,Down,all,0.34733551008970165,0.023089496851061996,0.18956014874638455,0.005232162606339527,0.9139142892240308,0.02862541101963979,,0,5,90
2,0,3,Left,0,0.3462429651381917,0.017257898831319462,0.19811816023396356,0.011415613903205927,0.8637318600592826,0.03752119580123927,0.07380865864748443,95,5,95
2,0,3,Left,1,0.38967943426905177,0.025178106434137548,0.15838639779882757,0.008770479662238139,0.9069143446852425,0.04075498177567723,0.055584060642525676,95,5,95
2,0,3,Left,2,0.31093748176589625,0.0336080239093219,0.20995538432840902,0.007145265524975352,0.9113506232014424,0.05243420408222067,0.10901106625305362,95,5,95
2,0,3,Left,all,0.3489532937243799,0.02397674506840549,0.18881998078706672,0.004848078385299125,0.8939989426486558,0.028279069840999226,,0,5,95
2,0,4,Right,0,0.3506434957309595,0.01725708568247185,0.19948508334091558,0.01011824696653489,0.8898300769413213,0.0490036935995405,0.07831350382260595,82,5,83
2,0,4,Right,1,0.39653517327533117,0.02528599916912476,0.1562974098292703,0.005734046794688505,0.9113630994566501,0.026674400087155072,0.04156987433185087,82,5,83
2,0,4,Right,2,0.3134678567144794,0.03304481465240163,0.20647986314681252,0.007823851933489522,0.9208909012562313,0.055820496893268984,0.10257244753561194,82,5,83
2,0,4,Right,all,0.3535488419069234,0.024206770798782636,0.18742078543899945,0.004849928724222637,0.9073613592180676,0.02732146628001782,,0,5,83
2,1,0,Noise,0,0.3711200465081391,0.0197886215245151,0.2090132010478718,0.009732119125434582,0.8951538174594639,0.052348978806051716,0.11433643011680006,181,5,306
2,1,0,Noise,1,0.3963677681222077,0.02942233424374918,0.15017564422508337,0.009680808536830919,0.8399633166809954,0.05166510793970607,0.055376542385562305,181,5,306
2,1,0,Noise,2,0.3004936958006095,0.02170276206845728,0.2086193938418186,0.007481311986257727,0.902284497450975,0.04876672507885176,0.09694793005978879,181,5,306
2,1,0,Noise,all,0.35599383681031876,0.020854364749763075,0.18926941303825792,0.0051445211565673745,0.8791338771971449,0.032177871432070605,,0,5,306
2,1,1,Up,0,0.366689354621502,0.021362090608674923,0.20851804872166188,0.007784244528923291,0.932842653297506,0.0417151365858718,0.09965596843067122,100,5,103
2,1,1,Up,1,0.38993671398190505,0.03163486779621044,0.15435393122961985,0.009434973987905366,0.8976247900925456,0.05305555688540351,0.052147125386699196,100,5,103
2,1,1,Up,2,0.29982755308006165,0.020139722807209583,0.2111440111920075,0.006598265727905003,0.9363070776390965,0.037539265054434404,0.10186366602810004,100,5,103
2,1,1,Up,all,0.35215120722782284,0.022223324469118788,0.19133866371442976,0.004586745946712092,0.9222581736763827,0.030663823946687832,,0,5,103
2,1,2,Down,0,0.3722692083065027,0.016886784135546295,0.20727230010682737,0.008142788629716869,0.900918104687058,0.03894914824621148,0.11829690901791719,95,5,96
2,1,2,Down,1,0.38958605367600185,0.028877619653618285,0.14998948640296234,0.009146040254438482,0.8574613732557631,0.05075468835388002,0.062075900398794,95,5,96
2,1,2,Down,2,0.3000752269109139,0.02081560053139855,0.20847526055551277,0.006424396953180026,0.9302542544680389,0.042418706017102285,0.11095547451369236,95,5,96
2,1,2,Down,all,0.35397682963113947,0.02009498357380097,0.18857901568843416,0.004734232101533762,0.8962112441369534,0.0246157253026671,,0,5,96
2,1,3,Left,0,0.37228590914511966,0.019041770817237163,0.2089928864327941,0.008551832853619408,0.8944889161459173,0.04331383589954823,0.1237187224605099,96,5,99
2,1,3,Left,1,0.39167941482658636,0.031606512963144075,0.15142303215948105,0.009511990691685799,0.8562126296640987,0.04775238510581385,0.05521022354888085,96,5,99
2,1,3,Left,2,0.3001497024027346,0.020571134030225795,0.21337019510555066,0.005786021608390285,0.9318221413549702,0.03474270085362741,0.11269454312194789,96,5,99
2,1,3,Left,all,0.3547050087914802,0.02164367108083424,0.19126203789927526,0.00520567736190498,0.8941745623883287,0.02627806464023098,,0,5,99
2,1,4,Right,0,0.37289276729607634,0.019800591126716695,0.21129680029298226,0.008502111332340754,0.9312909498071881,0.03863468603208358,0.1085121581757166,91,5,93
2,1,4,Right,1,0.39778974942787826,0.02916204866983513,0.1508760584494576,0.008898680692493466,0.8608525554725626,0.039598622789680474,0.06157976345931479,91,5,93
2,1,4,Right,2,0.2971544657377865,0.021043168473935347,0.20761377243356255,0.006342505837229585,0.9214354834335465,0.031092927696933934,0.09633294891130093,91,5,93
2,1,4,Right,all,0.3559456608205803,0.02120335649296914,0.18992887705866748,0.0050204964452843686,0.904526329571099,0.02050050725973237,,0,5,93
2,2,0,Noise,0,0.3670192614479511,0.0192863325176813,0.20477641368816996,0.01118260379410186,0.8866824125014184,0.046215891695956,0.0963683924179538,235,5,315
2,2,0,Noise,1,0.3558854890368085,0.010380484700838633,0.18093140182685427,0.009853558043573376,0.9322626828509182,0.04783738407126748,0.08833813596272072,235,5,315
2,2,0,Noise,2,0.3437214249511886,0.012734769645496774,0.20291651195679325,0.007333247861577022,0.8797119679181302,0.048231645147969064,0.07840670890243424,235,5,315
2,2,0,Noise,all,0.3555420584786494,0.011352655741168833,0.1962081091572725,0.006244895671911203,0.8995523544234889,0.027390416477409064,,0,5,315
2,2,1,Up,0,0.3665248612110683,0.01951914647938876,0.20253598076807744,0.010389956686547644,0.9181685730973159,0.03791745164587017,0.08307170709047831,91,5,91
2,2,1,Up,1,0.3615738690509953,0.0075738862025195655,0.1819586299324771,0.006735452830554563,0.966257272139625,0.0240883441084304,0.11296742584419373,91,5,91
2,2,1,Up,2,0.3491651735380083,0.013627553487204399,0.20815573544047353,0.005543117307125007,0.9265466578931103,0.04639841342161837,0.09740550532612481,91,5,91
2,2,1,Up,all,0.3590879679333573,0.011301183223721195,0.19755011538034267,0.004907045164953696,0.9369908343766838,0.023322634295309973,,0,5,91
2,2,2,Down,0,0.3687373785355108,0.017689020179369363,0.20471426959740446,0.011978402657155163,0.9071192293978585,0.0473711791019694,0.08232529405535326,89,5,90
2,2,2,Down,1,0.351713363705776,0.008484512523663001,0.1812251149811306,0.009447839669253102,0.9430936819172113,0.04023459084732531,0.10418268216751746,89,5,90
2,2,2,Down,2,0.3456362060079804,0.008656148107777498,0.20515017354624152,0.00476037875992243,0.9350591777328188,0.037500351016992076,0.08369474331375343,89,5,90
2,2,2,Down,all,0.35536231608308905,0.00991878137611514,0.19702985270825885,0.006058631458983946,0.9284240296826296,0.02199806327460034,,0,5,90
2,2,3,Left,0,0.3648862484403361,0.017757598096891335,0.20443962141707925,0.009347269848786813,0.902513767792088,0.03237334061575028,0.07166893034092943,81,5,82
2,2,3,Left,1,0.35743176464719806,0.009352122182936412,0.17783760667401072,0.010800920751754237,0.9461501673840267,0.04642127958112184,0.07903508885387402,81,5,82
2,2,3,Left,2,0.3435793255338517,0.01065224256238801,0.21000430155556962,0.004680125870842602,0.9424463141450025,0.03282311154235288,0.11233147746860137,81,5,82
2,2,3,Left,all,0.35529911287379523,0.010560923975173072,0.19742717654888653,0.005721979649377196,0.9303700831070392,0.02536773000479711,,0,5,82
2,2,4,Right,0,0.3705098460518136,0.017816083996723665,0.20653560059450524,0.00924259250632685,0.9201324143246258,0.04493545187141933,0.08539061064174697,82,5,84
2,2,4,Right,1,0.35648464598448715,0.007088476477126176,0.18069439362850215,0.010596841423466466,0.9429971988795519,0.04483875144773329,0.0883090947949397,82,5,84
2,2,4,Right,2,0.34757771763208667,0.012406530641189881,0.20299402147173945,0.005814591954851761,0.8913751272993389,0.04005140775257866,0.08183861705437738,82,5,84
2,2,4,Right,all,0.35819073655612915,0.010720124853880018,0.1967413385649156,0.006432770379526635,0.9181682468345055,0.02167576207067675,,0,5,84
2,3,0,Noise,0,0.36336105618377784,0.0127402485589615,0.19384761461824326,0.00981686528902422,0.873180755864787,0.04639318771302238,0.09809977921710045,128,5,232
2,3,0,Noise,1,0.3761900567644374,0.015445379121514426,0.17590424209287636,0.007782337850107224,0.8966700473292766,0.053059859880270954,0.08565720010692009,128,5,232
2,3,0,Noise,2,0.3677112912531227,0.01626285045908727,0.2017863426655623,0.008744101284030983,0.8848816130096385,0.05248960114504994,0.07820436184045287,128,5,232
2,3,0,Noise,all,0.3690874680671126,0.009101619232935471,0.19051273312556063,0.005011106509303607,0.8849108054012341,0.027296124141751,,0,5,232
2,3,1,Up,0,0.36316633702688456,0.010381609003754195,0.19602037750796072,0.00783961018804209,0.9143737879760853,0.03636354925165143,0.08561999484401189,113,5,115
2,3,1,Up,1,0.3790384902626923,0.013232401544311568,0.1750506575670597,0.004782724590692928,0.9352429667519181,0.05021081767121468,0.08557480570988359,113,5,115
2,3,1,Up,2,0.3679512017654681,0.014671406951146678,0.20614621020435267,0.005911162961959903,0.9369435672622423,0.03678606869304508,0.09019190527749422,113,5,115
2,3,1,Up,all,0.370052009685015,0.008340102011098999,0.1924057484264577,0.003827841397516136,0.9288534406634152,0.023948476129330255,,0,5,115
2,3,2,Down,0,0.3642633450795994,0.012572393148386976,0.19184897048947594,0.007353510457039193,0.8945861995165505,0.041388538344215596,0.08024382664712809,75,5,75
2,3,2,Down,1,0.382076571558612,0.013623226172983624,0.1781413289942307,0.00653731251308115,0.922718954248366,0.03778400576035989,0.07838184869396171,75,5,75
2,3,2,Down,2,0.3694820387744905,0.013860984876759866,0.2068708250023613,0.006920537513196848,0.9557163621065186,0.03671372491719779,0.10014306882807947,75,5,75
2,3,2,Down,all,0.3719406518042339,0.00878132516427467,0.192287041495356,0.003290282388400496,0.9243405052904783,0.023047260366866957,,0,5,75
2,3,3,Left,0,0.36079635307016505,0.010358883930385485,0.1941703477289347,0.007286056080616147,0.9010541144789616,0.045205325155707486,0.08782540901288827,82,5,87
2,3,3,Left,1,0.3799065042337782,0.01143943194308605,0.17671707537965672,0.005458079240329048,0.9213883254451205,0.03856694609748793,0.07405617848056584,82,5,87
2,3,3,Left,2,0.3707366282386581,0.012641038844442155,0.20891036610121624,0.0068760441949936605,0.9509396324546479,0.045866262926833795,0.09514063747529239,82,5,87
2,3,3,Left,all,0.3704798285142004,0.007325128742612412,0.19326592973660256,0.0039815419573838995,0.92446069079291,0.02933451311301706,,0,5,87
2,3,4,Right,0,0.3674153230481684,0.012619002368878763,0.19642264342693247,0.008953418705592804,0.916402116139615,0.045013492616314356,0.08586954354132369,87,5,88
2,3,4,Right,1,0.3776710726708407,0.013719068364578594,0.17579546903302387,0.006284756260437387,0.924554367201426,0.046316717583123196,0.0858589571686197,87,5,88
2,3,4,Right,2,0.3690261378631716,0.016838048925411016,0.20354268850424778,0.007488728841316938,0.9230928075128304,0.042676123205942516,0.08900331138760476,87,5,88
2,3,4,Right,all,0.3713708445273936,0.008543861073269758,0.19192026698806808,0.00464220462508103,0.9213497636179572,0.023461995309379372,,0,5,88
2,4,0,Noise,0,0.36532457005878743,0.013753710898825492,0.20025802192706815,0.009190307074301218,0.8873020291844554,0.058026328270887675,0.11319618526782799,49,5,162
2,4,0,Noise,1,0.3899904485175918,0.012549983041553274,0.17333310985914235,0.007644257615396854,0.8940208182038248,0.052161085072862635,0.09648739260294015,49,5,162
2,4,0,Noise,2,0.37941624047889083,0.008088105529826573,0.20999969449636854,0.008818354426082397,0.8961742325968355,0.03604320941800806,0.08181049836352502,49,5,162
2,4,0,Noise,all,0.37824375301842333,0.007460172720750081,0.19453027542752638,0.005404939653822493,0.8924990266617052,0.02905128092703816,,0,5,162
2,4,1,Up,0,0.36999028791156047,0.010680683165226922,0.20168922361307412,0.007158975702141015,0.9174622880787784,0.05103126834365622,0.10273204141006953,96,5,98
2,4,1,Up,1,0.39401410662441144,0.010178824254833017,0.17669024804109984,0.005202678690472553,0.9423369347739096,0.04242837499056069,0.10728765529204647,96,5,98
2,4,1,Up,2,0.38095290543143184,0.007147271840282229,0.2098951314965231,0.006065644959465746,0.938990686852443,0.03096438771957897,0.11009422888233,96,5,98
2,4,1,Up,all,0.38165243332246795,0.006491733923735514,0.19609153438356572,0.00394917140187098,0.9329299699017103,0.027713446634020374,,0,5,98
2,4,2,Down,0,0.3655520498010773,0.01075952831638023,0.20085974448051283,0.006911851641591352,0.926429292707497,0.05005095403719149,0.11554567185320265,87,5,90
2,4,2,Down,1,0.39760569035884274,0.011779292850626536,0.1740577137552723,0.00539866096429677,0.9240522875816992,0.03608307680084597,0.07297491410392132,87,5,90
2,4,2,Down,2,0.38479312895673834,0.004668646584689845,0.2087992962427315,0.0057666560199157195,0.9712675340765872,0.025621723556102576,0.10756454417051192,87,5,90
2,4,2,Down,all,0.3826502897055528,0.006280800125402274,0.1945722514928389,0.00308402615296342,0.9405830381219278,0.022666411633851507,,0,5,90
2,4,3,Left,0,0.365568239413933,0.011754466508327021,0.204033341573853,0.007115753796917898,0.9259960929751385,0.047022066200245564,0.12897504141792832,78,5,81
2,4,3,Left,1,0.3939751269948275,0.011550762451435576,0.1720952868662451,0.006462447737279901,0.9165335269910433,0.036752204765607095,0.07851863059384089,78,5,81
2,4,3,Left,2,0.3812740561654185,0.005797749440895989,0.2084856091269604,0.00755961324300299,0.9499563798646912,0.036625664941995144,0.10197512887138561,78,5,81
2,4,3,Left,all,0.380272474191393,0.006931520496390138,0.19487141252235282,0.003788581962569537,0.930828666610291,0.01888748412225386,,0,5,81
2,4,4,Right,0,0.37052733691007167,0.010093720192320802,0.20255874334531382,0.007222896215448676,0.9271401329989041,0.04938641751579438,0.10436644570475583,85,5,86
2,4,4,Right,1,0.3914690631508933,0.01010323282664182,0.1735093022789722,0.0050771728235296,0.9381668946648427,0.03425445224891443,0.10871077641353173,85,5,86
2,4,4,Right,2,0.38146388053763863,0.006020485090377934,0.21131695424942537,0.007173368496695972,0.9170780097495009,0.02854512517119884,0.11052382960755451,85,5,86
2,4,4,Right,all,0.38115342686620124,0.006089558242482613,0.19579499995790378,0.0046613830344118395,0.9274616791377492,0.021352116258009778,,0,5,86
2,5,0,Noise,0,0.358282248820457,0.01165965918513774,0.19794134402160574,0.009787652741878103,0.8712417343600122,0.05768581646113784,0.10936060414518653,50,5,174
2,5,0,Noise,1,0.39826293330113555,0.015552927080154409,0.17910422600627215,0.008066534639716086,0.9033481282761529,0.04329228692722491,0.08654513048059728,50,5,174
2,5,0,Noise,2,0.3781938060565077,0.008709210678950875,0.20722694460398888,0.0079217639581951,0.9052640733781598,0.04290180206779925,0.0798124142723952,50,5,174
2,5,0,Noise,all,0.3782463293927001,0.00652827753520808,0.1947575048772889,0.005286166847859417,0.8932846453381083,0.027748036570548827,,0,5,174
2,5,1,Up,0,0.3594942930922699,0.007880444830344382,0.19537010389389492,0.007316863137737794,0.9058231421265133,0.05191452674498505,0.09644692711362025,103,5,109
2,5,1,Up,1,0.4010644013659176,0.012849797484618744,0.1783705724476159,0.005466743637654227,0.9347200703305887,0.03375227279786949,0.11216995322255024,103,5,109
2,5,1,Up,2,0.37767667785909476,0.006524913401407296,0.20810369206568138,0.0067932393490300795,0.9462548586412275,0.031994291077149926,0.11114218151591154,103,5,109
2,5,1,Up,all,0.37941179077242737,0.005740117879864284,0.1939481228023974,0.003666906687969478,0.9289326903661098,0.027179389460587657,,0,5,109
2,5,2,Down,0,0.3576048540458006,0.008153223944534032,0.1939024653878854,0.007630234610582271,0.9063222346040258,0.04927063161594436,0.09779745323546048,78,5,81
2,5,2,Down,1,0.39551332974885534,0.01318471422116694,0.1786121279313427,0.005246867175508928,0.9368615347373518,0.03578115700373705,0.09652316381723855,78,5,81
2,5,2,Down,2,0.38263302113879594,0.004238031952983636,0.2061202340003544,0.0046197869520414325,0.9636083723802268,0.025775813787128676,0.11670123644366051,78,5,81
2,5,2,Down,all,0.3785837349778173,0.004844254846421578,0.19287827577319416,0.003984136162390703,0.9355973805738681,0.026183949246660076,,0,5,81
2,5,3,Left,0,0.35821089565270314,0.00819184979867298,0.19899051334879964,0.005999582883885338,0.911748550478454,0.046437741677136955,0.09291350066108325,77,5,79
2,5,3,Left,1,0.39742376936090607,0.014091001165467265,0.17849378400497498,0.0074010836505982655,0.9463744705722223,0.032365033225376,0.08737282113838708,77,5,79
2,5,3,Left,2,0.37777701707622374,0.00606870505082799,0.20624509471295394,0.006179426979036975,0.962635393559432,0.031224641405398566,0.11233022078700865,77,5,79
2,5,3,Left,all,0.3778038940299443,0.0061206461241819655,0.19457646402224285,0.004230380102596445,0.940252804870036,0.02349532489194173,,0,5,79
2,5,4,Right,0,0.35894447838854704,0.00948476908102942,0.19320184581813443,0.008945354724538604,0.8914540832804978,0.0514415437400626,0.09788198418496813,89,5,92
2,5,4,Right,1,0.4001717212020639,0.01400941104520864,0.17871298753763445,0.005805492582957099,0.9391345598547975,0.033378998447645344,0.12389647822997431,89,5,92
2,5,4,Right,2,0.3801041550942045,0.006338655856917557,0.20709247451802543,0.005555195990516803,0.9391675925786439,0.035596529463546814,0.12054816066366536,89,5,92
2,5,4,Right,all,0.3797401182282718,0.004628208183991315,0.19300243595793146,0.0038968312097267016,0.9232520785713131,0.02543067283337403,,0,5,92
3,0,0,Noise,0,0.31462679491041906,0.027346570036003173,0.21810109150413107,0.01528408014286099,0.9099779256553023,0.04718964311081907,0.15410194861324372,248,5,252
3,0,0,Noise,1,0.3119147671201745,0.02104605021456952,0.2085404178524721,0.011210128727555765,0.8745502921855252,0.048916404771650886,0.16077321059393337,248,5,252
3,0,0,Noise,2,0.3084218721871983,0.017267531995430057,0.22124311900266405,0.012626350924283481,0.9068813176964069,0.048411023551450466,0.1250658369822226,248,5,252
3,0,0,Noise,all,0.3116544780725973,0.016589472658281635,0.2159615427864224,0.006739041390649721,0.8971365118457447,0.024792640927796775,,0,5,252
3,0,1,Up,0,0.3052268628300819,0.026757047516149796,0.22213400443786024,0.012104141392740459,0.9191840734853862,0.04640039851601064,0.14987461931003354,74,5,75
3,0,1,Up,1,0.3124231086851257,0.024700667836649082,0.20745297221648257,0.011136807362090344,0.9102546555898285,0.049714257818066133,0.12156532868682032,74,5,75
3,0,1,Up,2,0.31437947584050224,0.023811522979401607,0.21296934902724254,0.010910245657251414,0.9504905517249462,0.026548301220973486,0.10905731589120322,74,5,75
3,0,1,Up,all,0.31067648245190327,0.017252379315434416,0.21418544189386177,0.005105744769528352,0.9266430936000537,0.02341871443639479,,0,5,75
3,0,2,Down,0,0.30921364444981564,0.024857437261071633,0.22226989141435186,0.016588247242322936,0.914240826115265,0.04687767662149856,0.15612403501498487,66,5,70
3,0,2,Down,1,0.31478078728616277,0.014477442193416184,0.2032983411096117,0.011651517937780756,0.8945625132277739,0.04698816815786757,0.10374296352522508,66,5,70
3,0,2,Down,2,0.3152677536532584,0.017768821215279892,0.22242399765285722,0.011798425632727644,0.9182128916998363,0.04093190102240727,0.1341172579980167,66,5,70
3,0,2,Down,all,0.3130873951297456,0.014838045556745208,0.21599741005894024,0.006009892543681529,0.9090054103476252,0.0258363390090645,,0,5,70
3,0,3,Left,0,0.29959872529365494,0.018556236445345244,0.22530624989400308,0.011001921578401802,0.9418962070512653,0.03745313362645716,0.1574176433165243,68,5,68
3,0,3,Left,1,0.31093797353997604,0.024603559290630173,0.2109011741212687,0.013119801185530036,0.8788356334719001,0.05189333229224979,0.11653129784260464,68,5,68
3,0,3,Left,2,0.294418470511344,0.017578641299594504,0.21618988284680238,0.009057055372337265,0.9212916040866406,0.049042976793164536,0.12565349043260343,68,5,68
3,0,3,Left,all,0.30165172311499167,0.016183802087076777,0.21746576895402472,0.0060133116634509915,0.9140078148699353,0.030199451028225903,,0,5,68
3,0,4,Right,0,0.30677458568711935,0.026372195811648395,0.22050949159217145,0.0152831323543854,0.9109099475751361,0.03713542474288291,0.16128098949096192,89,5,90
3,0,4,Right,1,0.3106919850799142,0.0203688506794819,0.2060474832111716,0.012815136932046585,0.900148902955758,0.043965934122028885,0.12122885264670431,89,5,90
3,0,4,Right,2,0.3072882829008382,0.018199493690784135,0.21400660977572283,0.013194062100094172,0.8829247935744099,0.041708520378863516,0.12480643903900229,89,5,90
3,0,4,Right,all,0.30825161788929056,0.017867673947195028,0.21352119485968862,0.005226774412923576,0.8979945480351014,0.017913694049714896,,0,5,90
3,1,0,Noise,0,0.31814490100356685,0.028370227371847617,0.20892232378987852,0.016958274935664312,0.8938983304543417,0.053095969919507366,0.12629487256696098,283,5,291
3,1,0,Noise,1,0.3046540817936462,0.027076529737272308,0.20990052597727057,0.014499159807963227,0.8683862777266146,0.060020236045452376,0.17317392015669053,283,5,291
3,1,0,Noise,2,0.2958303748302368,0.020180531866696487,0.21656939985942195,0.012139343278782985,0.8972109516493746,0.044316349807387606,0.11915360305205507,283,5,291
3,1,0,Noise,all,0.30620978587581665,0.0205544885023255,0.21179741654219036,0.006889710054210552,0.8864985199434436,0.030422245097851536,,0,5,291
3,1,1,Up,0,0.31048729859014945,0.028624463423916703,0.21364287911081148,0.015356073344701815,0.9142048227906303,0.055124004416481465,0.13280406283948026,83,5,84
3,1,1,Up,1,0.3126092694964783,0.024020073086981578,0.2077152728519109,0.011236387893916351,0.9145909992981998,0.04717644240341036,0.12574180445763697,83,5,84
3,1,1,Up,2,0.2924065351200613,0.018361712981985086,0.21137585807301895,0.010810938421423723,0.9454789423490946,0.03524669904648192,0.11305914575411215,83,5,84
3,1,1,Up,all,0.30516770106889635,0.019132284864259132,0.21091133667858042,0.005817281323380225,0.9247582548126415,0.029946748781492692,,0,5,84
3,1,2,Down,0,0.31577313715752503,0.02657810983726415,0.20948316076879397,0.015402577375536389,0.9094817326724479,0.04810522739137083,0.12797998054150525,71,5,71
3,1,2,Down,1,0.3015983992826205,0.02918650709553599,0.2087045997756869,0.01368883902950563,0.8994527163879853,0.05204454098385552,0.12645540971919073,71,5,71
3,1,2,Down,2,0.298679208838215,0.02001184808896253,0.21949503931660427,0.010985891145018151,0.9178887195407011,0.035469243702162416,0.12755351534481507,71,5,71
3,1,2,Down,all,0.3053502484261202,0.022114830131901124,0.21256093328702838,0.006008969490524061,0.9089410562003781,0.02851788948682028,,0,5,71
3,1,3,Left,0,0.3086270153286238,0.02226944088745591,0.21316285108071065,0.01895384087826852,0.9212943618542849,0.04267770265031418,0.14198987958368633,74,5,75
3,1,3,Left,1,0.30602536405591,0.027589429462893132,0.21138329283348456,0.012284524507598003,0.8995850371352682,0.050259724448455965,0.1280289938534374,74,5,75
3,1,3,Left,2,0.2903281441937312,0.01916083715866573,0.2162282358965129,0.013118187615431471,0.9257171234376382,0.03541132558669694,0.11803027779797051,74,5,75
3,1,3,Left,all,0.30166017452608834,0.018215284840054868,0.21359145993690268,0.006261389167399824,0.9155321741423971,0.02518682193981605,,0,5,75
3,1,4,Right,0,0.31292151765829873,0.024797497302848165,0.21191865659119102,0.016606001304308365,0.8980561260653265,0.05400887504424451,0.13378317372348172,83,5,83
3,1,4,Right,1,0.30096744169274087,0.026783651171729813,0.21085784398204135,0.013454775358912084,0.8805553586261816,0.05411922664035998,0.12910363858096377,83,5,83
3,1,4,Right,2,0.28981970622138054,0.017862886001387943,0.21463967583101667,0.010411544499185932,0.9212542173220997,0.040279645309639886,0.1250540341145575,83,5,83
3,1,4,Right,all,0.30123622185747334,0.01991889503500601,0.21247205880141634,0.006559411444570466,0.8999552340045359,0.028795015343549876,,0,5,83
3,2,0,Noise,0,0.30205758828276497,0.014283340462034257,0.22808692994927568,0.012428675503275895,0.9257051259638973,0.04594260239760336,0.17118012686030404,268,5,289
3,2,0,Noise,1,0.3492423355595043,0.01433920872808087,0.22078245554265474,0.008132116020473543,0.9059213197952721,0.03726392920286618,0.18730917057081387,268,5,289
3,2,0,Noise,2,0.34100885426775024,0.016774849946732,0.18780216230992175,0.008638910593696642,0.8838320103127757,0.0454846841336555,0.09516787574080672,268,5,289
3,2,0,Noise,all,0.33076959270333983,0.010709955506834049,0.21222384926728405,0.005019438737439624,0.9051528186906483,0.023773120201248252,,0,5,289
3,2,1,Up,0,0.29432559858293955,0.012039896752225483,0.2308603523228305,0.011904179343249041,0.9438854639966353,0.03733332429352788,0.1668800467808358,79,5,81
3,2,1,Up,1,0.3564450866897274,0.014383913064372726,0.21504115133279336,0.007304849861913036,0.9340348353485026,0.027859426246555224,0.12888248791209045,79,5,81
3,2,1,Up,2,0.34404454842232735,0.012996029966484817,0.18754555892968058,0.0048927262315439585,0.9543936092955702,0.031320081398764577,0.09753186424666593,79,5,81
3,2,1,Up,all,0.33160507789833144,0.008653397542279926,0.21114902086176812,0.0036346415955787552,0.9441046362135693,0.01609030939315447,,0,5,81
3,2,2,Down,0,0.3024333060616938,0.01218129140935187,0.22883751764463914,0.011705516874348716,0.9547241290310527,0.03140305449704473,0.17110729206992834,75,5,76
3,2,2,Down,1,0.352351045315248,0.012858034574729825,0.21920853040027297,0.006164016214121562,0.9287033127334542,0.028102225305880708,0.12921175528987597,75,5,76
3,2,2,Down,2,0.3438341723196196,0.013085866682091076,0.18637631136049804,0.005961610684145423,0.9038699690402476,0.04357704946068093,0.0934191036045505,75,5,76
3,2,2,Down,all,0.33287284123218713,0.009977853749010552,0.21147411980180336,0.004722961223871919,0.9290991369349182,0.019837373824218883,,0,5,76
3,2,3,Left,0,0.2978106730359553,0.016616306184711167,0.23210530071410654,0.010132691767405763,0.9367941184858181,0.04825043252150042,0.17438325341650693,75,5,75
3,2,3,Left,1,0.35184897691658473,0.012198630615214631,0.2197112209405411,0.005957451427599843,0.9611705293661944,0.025755064734011922,0.13397343229227693,75,5,75
3,2,3,Left,2,0.3367823576625757,0.010264682494169244,0.19145199292963003,0.0067981561380367475,0.9175424836601307,0.03675916698545724,0.11230738072901929,75,5,75
3,2,3,Left,all,0.3288140025383719,0.009107465683771706,0.21442283819475924,0.003951666245550031,0.9385023771707144,0.018364623961471753,,0,5,75
3,2,4,Right,0,0.2972694360529864,0.010455784395544834,0.2294599070530908,0.012751749977408468,0.942352082366863,0.03145102643217862,0.17202121676172133,82,5,84
3,2,4,Right,1,0.34795423706409856,0.016061421213623896,0.2127468100391106,0.007966288375598648,0.9072877518101046,0.03718849158910294,0.13267689850415287,82,5,84
3,2,4,Right,2,0.3302212125743758,0.011949533230147783,0.18746502196221004,0.007533821069435135,0.9078898225957049,0.04378100947043047,0.09807415938081183,82,5,84
3,2,4,Right,all,0.32514829523048694,0.010526166905349955,0.20989057968480385,0.004602939362799274,0.9191765522575576,0.01967916682175502,,0,5,84
3,3,0,Noise,0,0.28175004520546143,0.010352100516169825,0.22209629563781058,0.0069391223970080166,0.9048506600899221,0.041887798353124596,0.1603717876640301,275,5,308
3,3,0,Noise,1,0.31541695386485197,0.01987892708247991,0.21792724739746533,0.010603771840852993,0.8605011024893905,0.04786262036062554,0.16956062890334067,275,5,308
3,3,0,Noise,2,0.3255845535978023,0.018618907262356228,0.1829148339351547,0.00880023469084322,0.874751718869366,0.04259080570001686,0.0920958770802683,275,5,308
3,3,0,Noise,all,0.30758385088937196,0.011389851724048116,0.2076461256568102,0.004892360114170408,0.8800344938162262,0.0235562389596155,,0,5,308
3,3,1,Up,0,0.2784914128679505,0.0056442860369300485,0.22351669872516658,0.004980103631754363,0.9371730132563559,0.028903193235833628,0.1629798449389458,87,5,90
3,3,1,Up,1,0.3229069489489447,0.01668993412901748,0.21762753799547738,0.008129294967919833,0.9005355045533376,0.041885527378259145,0.132114331836121,87,5,90
3,3,1,Up,2,0.32240883358254174,0.015157464083125401,0.18434164917859575,0.005604052628931764,0.9446623093681917,0.03731662860710451,0.11491488042001208,87,5,90
3,3,1,Up,all,0.3079357317998123,0.009239003305291761,0.20849529529974656,0.003262236468811264,0.9274569423926283,0.02076196784549107,,0,5,90
3,3,2,Down,0,0.2851141505121549,0.009115659723428983,0.22279515783192824,0.004760258969375614,0.9448324946922226,0.030373662946962882,0.16268072474591216,73,5,74
3,3,2,Down,1,0.32455646813965566,0.01949447075422593,0.21922984729934616,0.007440448147359338,0.9023522200454881,0.043635846496347074,0.11277722178287089,73,5,74
3,3,2,Down,2,0.3330922711651644,0.012729252404222279,0.18115931013547454,0.006040853222656097,0.8992580816110228,0.03972235503242595,0.09953559584405133,73,5,74
3,3,2,Down,all,0.3142542966056583,0.00975670964246089,0.20772810508891631,0.002826391739705125,0.9154809321162445,0.0185881320874801,,0,5,74
3,3,3,Left,0,0.2771368226492513,0.0060827023157571745,0.2265881028170921,0.005313814882464819,0.9068178492482752,0.03920586663824645,0.17320606254613077,79,5,80
3,3,3,Left,1,0.3204052393491277,0.013742694860185012,0.22174490652857903,0.00916559128346061,0.9232951220013528,0.0496767315123431,0.1395701494353442,79,5,80
3,3,3,Left,2,0.3132312834656915,0.020387073319353636,0.18800319209499353,0.01012867121619559,0.9211764705882353,0.04176196160305651,0.13345583084960916,79,5,80
3,3,3,Left,all,0.30359111515469017,0.009763969608308306,0.2121120671468882,0.004306226491777727,0.9170964806126211,0.023371031968318308,,0,5,80
3,3,4,Right,0,0.27853331802794495,0.006387974403256149,0.2212906056220676,0.006078689708015382,0.9332202930896984,0.04784864895710226,0.16273169482869582,80,5,80
3,3,4,Right,1,0.3008167265510677,0.01993782048864795,0.21008585725320508,0.010032088461239286,0.8659276234077247,0.036335382140729094,0.12149676012732413,80,5,80
3,3,4,Right,2,0.3147317096184303,0.015126162063438428,0.1849257850257739,0.008234839204417822,0.8875980392156864,0.03563140318754185,0.10140143525132321,80,5,80
3,3,4,Right,all,0.29802725139914765,0.00916870599176851,0.20543408263368218,0.004287399137594396,0.8955819852377032,0.02519055426322355,,0,5,80
3,4,0,Noise,0,0.30427614937312764,0.013243577367173704,0.2238352749033591,0.01100755860738303,0.8890356871951642,0.043811023732772035,0.15255071158732514,253,5,309
3,4,0,Noise,1,0.3428790633862235,0.020299194695667325,0.2235666724288213,0.008919477955323322,0.9026610451221787,0.040834952243850614,0.16564790193693008,253,5,309
3,4,0,Noise,2,0.3284675060595505,0.01824961146716101,0.18703063254314375,0.010601519406736084,0.8720857922457009,0.043488246404913285,0.09844133211432794,253,5,309
3,4,0,Noise,all,0.32520757293963387,0.013503535650670875,0.21147752662510805,0.006060231683685893,0.8879275081876813,0.02847527980633684,,0,5,309
3,4,1,Up,0,0.30107058909889595,0.011531404074386789,0.22326485469898572,0.010229624689105215,0.9219068629804279,0.04582394546713909,0.15832349392412823,92,5,104
3,4,1,Up,1,0.34057062997669674,0.01698240470575993,0.22171409586253585,0.007030584494746201,0.9229550443035192,0.03684952324870832,0.1210670592518082,92,5,104
3,4,1,Up,2,0.3264630182740653,0.0140228742404116,0.18495656652384068,0.007224481802561935,0.9223604826546002,0.04102209167203472,0.11532712757698388,92,5,104
3,4,1,Up,all,0.32270141244988604,0.011168484505167465,0.20997850569512075,0.005008445998205238,0.9224074633128492,0.029753531327401973,,0,5,104
3,4,2,Down,0,0.3047606985327521,0.009910545031240385,0.22431006247497065,0.008353072400844765,0.9317319626764841,0.04163857171422475,0.16558768591757528,70,5,72
3,4,2,Down,1,0.35338183734472417,0.01696767864961375,0.22069442905041028,0.005910277575312006,0.9400550711071113,0.0324849453767008,0.1079290081131708,70,5,72
3,4,2,Down,2,0.3335048202326314,0.014861873889571577,0.18466214906410341,0.007566439423636588,0.8979302832244009,0.03829333557496686,0.10832018531312634,70,5,72
3,4,2,Down,all,0.3305491187033692,0.010403489581937764,0.20988888019649476,0.004532395110622854,0.9232391056693321,0.021792942665170352,,0,5,72
3,4,3,Left,0,0.3028795309594182,0.013098777205588918,0.22647717110493176,0.008080237941011191,0.9258921122819592,0.032269612588094826,0.17684603163678284,79,5,80
3,4,3,Left,1,0.3486574976981639,0.016348336088058028,0.22655769961890398,0.006638653954863698,0.9513175412404854,0.031224668736454166,0.13214379306889332,79,5,80
3,4,3,Left,2,0.33281583507079093,0.016282010082078895,0.1929908414247631,0.008432771911399389,0.9229411764705882,0.03660242998431486,0.12299008895388741,79,5,80
3,4,3,Left,all,0.328117621242791,0.012686706308913758,0.21534190404953296,0.004958919435264257,0.9333836099976776,0.023827911507303845,,0,5,80
3,4,4,Right,0,0.3043058162941205,0.010993279261046415,0.22553688170149447,0.010155851303869166,0.9152573012541538,0.04152873112046049,0.16376001105074697,88,5,88
3,4,4,Right,1,0.33076718286337914,0.023141765218645617,0.21643281453261132,0.007163772284617007,0.914540022183467,0.042610744390377445,0.1116160825312925,88,5,88
3,4,4,Right,2,0.31356795401145543,0.018106665934266082,0.19058236294023834,0.0087786779628038,0.8927361853832442,0.044827420101542545,0.11018822874203371,88,5,88
3,4,4,Right,all,0.3162136510563184,0.013478584788372624,0.21085068639144805,0.004361747084230989,0.9075111696069551,0.027026641285998326,,0,5,88
3,5,0,Noise,0,0.31394673148845903,0.012335239324058073,0.2193177768933166,0.009129935907304187,0.8893106474403613,0.04962163828496845,0.14817005745255088,232,5,312
3,5,0,Noise,1,0.34226777722965246,0.017379540479674445,0.21735324826257268,0.008907500015657233,0.8926272283968513,0.049224599326432805,0.15390710097073707,232,5,312
3,5,0,Noise,2,0.3382607129857264,0.02091472853785459,0.18696500458322665,0.010132000814360281,0.8715183509301158,0.04631553073296144,0.09464013831101217,232,5,312
3,5,0,Noise,all,0.33149174056794595,0.011948755802439422,0.2078786765797053,0.005795467399208529,0.8844854089224429,0.0275203900316951,,0,5,312
3,5,1,Up,0,0.3110708740486285,0.010788205378274353,0.21878436394867676,0.008172378882158432,0.9247752543612442,0.04183952694667827,0.14996185840563847,90,5,97
3,5,1,Up,1,0.3382752531345938,0.016237920452617897,0.21300852332622067,0.005926874907668156,0.9071050698257801,0.043024837025555485,0.11424907135837162,90,5,97
3,5,1,Up,2,0.3350811630571818,0.020524750453957165,0.185793544026434,0.00786218527269266,0.9439660400242571,0.03965424207021659,0.10973192423086203,90,5,97
3,5,1,Up,all,0.3281424300801347,0.011720837457096912,0.20586214376711046,0.0049462116588340115,0.9252821214037604,0.02889586061693397,,0,5,97
3,5,2,Down,0,0.31396025785120485,0.009399481197800017,0.22041440293989387,0.007190469297447537,0.941862982426421,0.04066851513543938,0.15986872125794263,73,5,74
3,5,2,Down,1,0.3509323073452399,0.018061167201433196,0.21484010597155767,0.006608413202288946,0.9286269441369691,0.03231248726601848,0.09945725705898356,73,5,74
3,5,2,Down,2,0.34639981750751475,0.020558717444078282,0.1844460254788493,0.007960442115763881,0.9065182829888712,0.03507573844407356,0.10435919401821878,73,5,74
3,5,2,Down,all,0.3370974609013198,0.012699789721047504,0.20656684479676696,0.004766875984620106,0.925669403184087,0.021062683546160754,,0,5,74
3,5,3,Left,0,0.3087605928728988,0.00805143704439013,0.2199780309532147,0.008296380375068763,0.906314388402101,0.037662840077788556,0.16026825946730636,81,5,81
3,5,3,Left,1,0.34692936536802355,0.012961624453543017,0.21994553952156096,0.007426400265538813,0.9443548939274176,0.029116925344266017,0.1198344326715991,81,5,81
3,5,3,Left,2,0.33789976757360707,0.020025621869872178,0.19340630448117835,0.008221477696455317,0.9263132413459211,0.03346982464285552,0.11972960060864744,81,5,81
3,5,3,Left,all,0.3311965752715098,0.01031984905886597,0.21110995831865137,0.00586301010940236,0.9256608412251466,0.01875702346520225,,0,5,81
3,5,4,Right,0,0.3136556971841539,0.010723398048316943,0.22156945595957878,0.008256562376963518,0.9144177538232648,0.03242577755530618,0.15478909534802304,85,5,85
3,5,4,Right,1,0.3320875022695146,0.024370887752847827,0.21008201635634127,0.00739421184773383,0.8937794112049859,0.04952281305782636,0.09416334274480692,85,5,85
3,5,4,Right,2,0.32537948662336774,0.01693742972538673,0.19189826716617672,0.007379443742298537,0.9091580161476356,0.039517267351522924,0.10810691077837045,85,5,85
3,5,4,Right,all,0.3237075620256788,0.013956373610146351,0.20784991316069892,0.004576874649152665,0.905785060391962,0.023162081290939867,,0,5,85
