participant,label,label_name,channel,mean_mean,mean_std,std_mean,std_std,range_mean,range_std,ssim_mean,ssim_n,session_count,region_count
0,0,Noise,0,0.3850855840174918,0.04577437931454401,0.18302808352237357,0.015740246945409497,0.8968247681262508,0.05243200977796647,0.09540620570378952,491,6,1219
0,0,Noise,1,0.41028021125928454,0.02533947110171447,0.17930544063230006,0.013614125672153143,0.8996091299522269,0.04485241435037365,0.1220108500551326,491,6,1219
0,0,Noise,2,0.39532381244351145,0.04268971092941246,0.19097693518124575,0.010226865196357387,0.9169516817609998,0.04916649482031907,0.09362108015835288,491,6,1219
0,0,Noise,all,0.3968965359067626,0.03478993654257829,0.1844368197786398,0.010477147952209725,0.9044618599464925,0.02625809670633217,,0,6,1219
0,1,Up,0,0.39678182554367397,0.041105992793952786,0.18242944466581307,0.015033717415162635,0.9210445100827427,0.042935862330423874,0.1231822409568807,548,6,562
0,1,Up,1,0.42065175472206523,0.024592511525078454,0.18030478243761033,0.009356112825603105,0.9511129718791431,0.035777357979971475,0.11485031378219748,548,6,562
0,1,Up,2,0.402738871799558,0.03872310724047663,0.1887359613357304,0.009331544799997314,0.9355494281048546,0.038543929073892896,0.1071137090624258,548,6,562
0,1,Up,all,0.4067241506884324,0.0321878946758094,0.1838233961463846,0.009094113036835536,0.9359023033555801,0.021957258839970326,,0,6,562
0,2,Down,0,0.3893431077635381,0.04437714510718777,0.18221736429882418,0.013469939416285841,0.9386558795883934,0.03911048710853714,0.11880658366906156,518,6,524
0,2,Down,1,0.41590009531172634,0.02491773360890566,0.175608161962197,0.01071576733348573,0.9231402484657986,0.03742542755617981,0.1294660052256594,518,6,524
0,2,Down,2,0.4010325531982255,0.03812504177405401,0.1891118241988303,0.008896305269720736,0.9277023748837971,0.04169426919319357,0.12293783428085987,518,6,524
0,2,Down,all,0.40209191875782996,0.03312052532985839,0.18231245015328382,0.009165760776816996,0.9298328343126631,0.02101395560691672,,0,6,524
0,3,Left,0,0.39865127235419845,0.0426037237765374,0.1816051128564516,0.015823645406433128,0.9383703319529338,0.03915132556189187,0.12363947441284338,542,6,557
0,3,Left,1,0.4166836210141513,0.024045742630016482,0.1765961446937241,0.013242075740555376,0.9247791037420354,0.03754322130427881,0.1330378511436998,542,6,557
0,3,Left,2,0.3997697826619187,0.03895633980600043,0.18862494043560327,0.0076767491818794205,0.9302171815022902,0.03968491180855773,0.12095190689947007,542,6,557
0,3,Left,all,0.4050348920100895,0.032371792644247936,0.18227539932859296,0.010224278577373517,0.9311222057324199,0.022155844978949266,,0,6,557
0,4,Right,0,0.3959688859829987,0.04041151102916128,0.17921347880549662,0.015126494160905123,0.9214076886585123,0.04565112774825454,0.13266274532468134,549,6,562
0,4,Right,1,0.4136277903934078,0.024234577708631393,0.1797289071550118,0.011053001150288332,0.9301723536389644,0.03964251981101551,0.1338076260544035,549,6,562
0,4,Right,2,0.4042039750421619,0.03825147538569012,0.18993910500155584,0.009895393431394353,0.9315975963530563,0.04634635306455618,0.11858335603467747,549,6,562
0,4,Right,all,0.40460021713952277,0.03153109319036588,0.18296049698735475,0.009863564808849866,0.9277258795501777,0.023461116465395136,,0,6,562
1,0,Noise,0,0.3509936492154296,0.018062874064752144,0.23662644141176534,0.010491863730985297,0.9078764183700875,0.0433566265173891,0.13121931605539044,1157,6,1872
1,0,Noise,1,0.37554255437515544,0.01599276566392603,0.1793115710822233,0.011536232914873943,0.8930156144534412,0.05135977210528478,0.10940801440893505,1157,6,1872
1,0,Noise,2,0.3287458680563365,0.020548962601530687,0.20109453837448185,0.011331600769398367,0.9094153600949241,0.057838840315647316,0.1431179135763959,1157,6,1872
1,0,Noise,all,0.35176069054897385,0.013825437191494962,0.20567751695615683,0.0062362728376314435,0.9034357976394843,0.030924712405419122,,0,6,1872
1,1,Up,0,0.35057171447057967,0.017416605930569352,0.23764734171153762,0.009848284030027988,0.9441622204754841,0.03542222530222913,0.12286621941452729,539,6,547
1,1,Up,1,0.3740170708045676,0.013111387156922965,0.1793126919414445,0.010007721978798923,0.9256298219338714,0.04042953185137427,0.0952875465846702,539,6,547
1,1,Up,2,0.32910315731487233,0.019991850207321867,0.200831690410006,0.010179266418577202,0.951199793064225,0.040081797098734794,0.14103899153627217,539,6,547
1,1,Up,all,0.35123064753000655,0.012677526980371256,0.20593057468766274,0.0053212242947919975,0.9403306118245268,0.024698129417855735,,0,6,547
1,2,Down,0,0.3500291626218368,0.017708858233744806,0.23780453178917907,0.009202429503608292,0.9476630103075311,0.03248099604151344,0.13014114919923314,500,6,504
1,2,Down,1,0.37160390296534795,0.014207000937970622,0.17812995701715473,0.009905675927951902,0.9213712817347433,0.04371610099535109,0.10876726914357097,500,6,504
1,2,Down,2,0.332011922760031,0.019636804147771657,0.20139884150015783,0.009649804742564376,0.9316918171110138,0.047828515695210135,0.1389185397009195,500,6,504
1,2,Down,all,0.3512149961157386,0.01359865469582578,0.20577777676883052,0.004497872081451794,0.9335753697177628,0.02573831386222168,,0,6,504
1,3,Left,0,0.3521850432424795,0.0167482851803629,0.2366934771756812,0.009091481080954228,0.9346251439785884,0.03703414353213976,0.12603890833653486,527,6,533
1,3,Left,1,0.37490639849818963,0.014415598905918056,0.17887409624955705,0.010792285839175122,0.9292866061340779,0.04094796948444346,0.10885511307860621,527,6,533
1,3,Left,2,0.32974225862462736,0.018490343998178893,0.20052015954400643,0.009559474592771037,0.9302560948669788,0.04775359701551335,0.14169114085728235,527,6,533
1,3,Left,all,0.3522779001217655,0.012876187406659826,0.2053625776564149,0.005545804330783964,0.9313892816598817,0.023060486589740973,,0,6,533
1,4,Right,0,0.35032315831992983,0.015947138181172462,0.23606110686988188,0.009392560657628429,0.9248124582612324,0.03659267788242617,0.13227999942498433,515,6,518
1,4,Right,1,0.3750296413606716,0.015322043620787386,0.17887695788891628,0.010565330059001479,0.9115061269108019,0.04082981109065914,0.11340791248321477,515,6,518
1,4,Right,2,0.3264528130987291,0.019080058220113154,0.20017268711888125,0.011394753258295741,0.9126005042517801,0.05244456884193804,0.15024813675404866,515,6,518
1,4,Right,all,0.35060187092644346,0.012373399264395459,0.20503691729255982,0.0059429425713641865,0.9163063631412715,0.024826288956498032,,0,6,518
2,0,Noise,0,0.36276750062099494,0.018331059058016214,0.20170609832700384,0.011622075653334096,0.8820261639770711,0.05149432467145011,0.10170648746836121,937,6,1496
2,0,Noise,1,0.3831014320966337,0.02562330800329417,0.1682547840396058,0.014997932446044897,0.8910949304084905,0.05704433217790972,0.06599110409125489,937,6,1496
2,0,Noise,2,0.34027447162373986,0.036726868468376674,0.20610393364592566,0.008422430380559605,0.8958695172747113,0.04928167289493148,0.08966396670791899,937,6,1496
2,0,Noise,all,0.36204780144712284,0.019071616400928727,0.19202160533751175,0.006238750123257485,0.889663537220091,0.030111128769625708,,0,6,1496
2,1,Up,0,0.3624821039814371,0.016662217733683444,0.2001533771123367,0.009611364383820967,0.9143680836973878,0.045119584452868025,0.09044502668024829,587,6,600
2,1,Up,1,0.3864145845363405,0.022355643854188173,0.17101076408409824,0.0121862223857446,0.9359454867099308,0.04547646247279628,0.08511737370532278,587,6,600
2,1,Up,2,0.3495142664320414,0.035916923619865836,0.20850307827837392,0.006538151658420621,0.9363476122641405,0.03918894048481272,0.10269937510271708,587,6,600
2,1,Up,all,0.366136984983273,0.018904229170793884,0.19322240649160294,0.005196976245144309,0.9288870608904864,0.026303635283936123,,0,6,600
2,2,Down,0,0.3631832683625389,0.016119240779714793,0.2006396146906348,0.010592225566480208,0.906042127834614,0.04696605288668748,0.09511289567635602,514,6,522
2,2,Down,1,0.38352021070316955,0.024382110043838535,0.16978321881931602,0.01399491400799305,0.9140449959980548,0.05005347992483864,0.07700207768042126,514,6,522
2,2,Down,2,0.34653754100418266,0.038625128559868695,0.2068924350023682,0.006029307111222672,0.9477756767017544,0.04108055104070081,0.10352032198109037,514,6,522
2,2,Down,all,0.36441367335663033,0.019601869585610204,0.1924384228374397,0.005410247911795069,0.9226209335114745,0.02883367330300177,,0,6,522
2,3,Left,0,0.36131745684856426,0.017029409798966173,0.20155897019068494,0.009880559627149945,0.8987391689129687,0.04622351728802449,0.0964834569860391,509,6,523
2,3,Left,1,0.38521136129807554,0.023641585541845055,0.1683276949379257,0.0135793255486648,0.9133265965249322,0.051412751767740926,0.0705447474818823,509,6,523
2,3,Left,2,0.34495039302980984,0.03751755929851991,0.20964753771819894,0.006771182396784128,0.9404124471165559,0.04315599902186579,0.10742356863309532,509,6,523
2,3,Left,all,0.3638264037254832,0.019415290418637952,0.19317806761560322,0.005442188066223519,0.9174927375181522,0.03156179765970481,,0,6,523
2,4,Right,0,0.36525866157187903,0.016872940159341033,0.20159062577759923,0.010771636418307346,0.9128294502689437,0.04912732817556747,0.09370472586342776,516,6,526
2,4,Right,1,0.3870128679048342,0.023891831312922638,0.16923171794825714,0.01365481718399392,0.9189310007248593,0.047739365897499976,0.08525342204357035,516,6,526
2,4,Right,2,0.348097912222194,0.03764257585759736,0.20653028439280532,0.007241750676842619,0.9192153039421158,0.04196926461316954,0.10029962316615788,516,6,526
2,4,Right,all,0.3667898138996358,0.018367675870708998,0.19245087603955388,0.005861622737571827,0.9169919183119729,0.024739989021715134,,0,6,526
3,0,Noise,0,0.3054585382323455,0.02237988652683782,0.22014361126038318,0.013611350320007305,0.9016687027162467,0.04874578550521426,0.15196153377760693,1559,6,1761
3,0,Noise,1,0.32826433444934744,0.02675595320907157,0.2166140121788096,0.011809426808937169,0.884358114502745,0.05083765794453519,0.1689053065479731,1559,6,1761
3,0,Noise,2,0.32349480640671413,0.0245950278447455,0.1962027836417696,0.018474144596313007,0.8835103320134793,0.04683911908120996,0.10418878976524218,1559,6,1761
3,0,Noise,all,0.3190725596961356,0.017948544320348384,0.2109868023603208,0.006524526212660682,0.8898457164108237,0.027851103533846636,,0,6,1761
3,1,Up,0,0.30011820053891614,0.02073278817149065,0.22196586025099455,0.011876001530475962,0.9267680185039955,0.044203852350728996,0.15354169890598202,505,6,531
3,1,Up,1,0.3311801022372761,0.024443708204098677,0.21418448257192668,0.009937737295028155,0.9148329125498713,0.04269055400210585,0.12381911560599217,505,6,531
3,1,Up,2,0.3229379280599049,0.023795384787299655,0.19353609914048597,0.014638552767972626,0.9426039713958657,0.037410632083172086,0.11018362626421407,505,6,531
3,1,Up,all,0.31807874361203237,0.016612579403426333,0.20989548065446906,0.005324135577127735,0.9280683008165775,0.026473839133967808,,0,6,531
3,2,Down,0,0.3050893721364002,0.019623101925462075,0.22144549233385422,0.01279844821530697,0.9332477374683269,0.043229521941117385,0.15738565282054245,428,6,437
3,2,Down,1,0.33331002878205657,0.027889576392043054,0.21446209200421912,0.010954699158199552,0.9158773314106349,0.04343172270819347,0.11346822161879772,428,6,437
3,2,Down,2,0.32883552699784935,0.023526137495418015,0.19603866558043975,0.019312311135603853,0.9071339828969934,0.03959459963197105,0.1107037477092449,428,6,437
3,2,Down,all,0.3224116426387687,0.018174905121245234,0.2106487499728377,0.005789291190561431,0.9187530172586518,0.024004642100740735,,0,6,437
3,3,Left,0,0.29905546025862817,0.018461867416495425,0.22392021524700612,0.012483397283793302,0.9225138136993087,0.04182128216177497,0.1643119282856501,456,6,459
3,3,Left,1,0.3313957632510865,0.02637175335469212,0.21863434763909212,0.01084721566547107,0.927623638412128,0.0496835104569825,0.12854884150133014,456,6,459
3,3,Left,2,0.31831676315985874,0.02621047881044727,0.1991772604359461,0.014959239026454393,0.9225557383964047,0.03884869775025836,0.12205933503271922,456,6,459
3,3,Left,all,0.31625599555652445,0.018777228275164256,0.21391060777401474,0.005642524490264037,0.9242310635026137,0.025082937637653412,,0,6,459
3,4,Right,0,0.3025002800837288,0.02053160464529581,0.22175222103702946,0.013219557961330957,0.9188311837186662,0.043666547114833566,0.15808726020029407,507,6,510
3,4,Right,1,0.32072749047067756,0.028045105355015552,0.21103163574944192,0.010576427933279451,0.8941895077671117,0.04708941580088851,0.11820575102833426,507,6,510
3,4,Right,2,0.3134888941552281,0.020969151891823922,0.1974498299383196,0.01552101797906369,0.9000728144725485,0.043117604080855666,0.11149330441966934,507,6,510
3,4,Right,all,0.31223888823654483,0.01790381875471778,0.21007789557493034,0.005664220614320818,0.9043645019861087,0.025008668548085707,,0,6,510
